"","dataset_id","pr","sftlf","tas","tasmax","tasmin"
"1","CMIP6.CMIP.AWI.AWI-CM-1-1-MR.historical.r1i1p1f1.gn",NA,NA,1,1,1
"2","CMIP6.CMIP.AWI.AWI-CM-1-1-MR.historical.r2i1p1f1.gn",NA,NA,1,1,1
"3","CMIP6.CMIP.AWI.AWI-CM-1-1-MR.historical.r3i1p1f1.gn",NA,NA,1,1,1
"4","CMIP6.CMIP.AWI.AWI-CM-1-1-MR.historical.r4i1p1f1.gn",NA,NA,1,1,1
"5","CMIP6.CMIP.AWI.AWI-CM-1-1-MR.historical.r5i1p1f1.gn",NA,NA,1,1,1
"6","CMIP6.CMIP.BCC.BCC-CSM2-MR.esm-hist.r1i1p1f1.gn",1,NA,1,1,1
"7","CMIP6.CMIP.BCC.BCC-CSM2-MR.esm-hist.r2i1p1f1.gn",1,NA,1,1,1
"8","CMIP6.CMIP.BCC.BCC-CSM2-MR.esm-hist.r3i1p1f1.gn",1,NA,1,1,1
"9","CMIP6.CMIP.BCC.BCC-CSM2-MR.historical.r1i1p1f1.gn",1,NA,1,1,1
"10","CMIP6.CMIP.BCC.BCC-CSM2-MR.historical.r2i1p1f1.gn",1,NA,1,1,1
"11","CMIP6.CMIP.BCC.BCC-CSM2-MR.historical.r3i1p1f1.gn",1,NA,1,1,1
"12","CMIP6.CMIP.BCC.BCC-ESM1.historical.r1i1p1f1.gn",1,NA,1,1,1
"13","CMIP6.CMIP.BCC.BCC-ESM1.historical.r2i1p1f1.gn",1,NA,1,1,1
"14","CMIP6.CMIP.BCC.BCC-ESM1.historical.r3i1p1f1.gn",1,NA,1,1,1
"15","CMIP6.CMIP.CAS.FGOALS-g3.historical.r1i1p1f1.gn",1,NA,1,1,1
"16","CMIP6.CMIP.CAS.FGOALS-g3.historical.r3i1p1f1.gn",1,NA,1,1,1
"17","CMIP6.CMIP.CAS.FGOALS-g3.ssp126.r1i1p1f1.gn",1,0,1,1,1
"18","CMIP6.CMIP.CAS.FGOALS-g3.ssp245.r1i1p1f1.gn",1,0,1,1,1
"19","CMIP6.CMIP.CAS.FGOALS-g3.ssp370.r1i1p1f1.gn",1,NA,1,1,1
"20","CMIP6.CMIP.CAS.FGOALS-g3.ssp585.r1i1p1f1.gn",1,0,1,1,1
"21","CMIP6.CMIP.CCCma.CanESM5.esm-hist.r10i1p1f1.gn",0,1,0,0,0
"22","CMIP6.CMIP.CCCma.CanESM5.esm-hist.r1i1p1f1.gn",1,1,1,1,1
"23","CMIP6.CMIP.CCCma.CanESM5.esm-hist.r2i1p1f1.gn",1,1,1,1,1
"24","CMIP6.CMIP.CCCma.CanESM5.esm-hist.r3i1p1f1.gn",1,1,0,0,1
"25","CMIP6.CMIP.CCCma.CanESM5.esm-hist.r4i1p1f1.gn",1,1,1,1,0
"26","CMIP6.CMIP.CCCma.CanESM5.esm-hist.r5i1p1f1.gn",1,1,1,0,1
"27","CMIP6.CMIP.CCCma.CanESM5.esm-hist.r6i1p1f1.gn",0,1,0,0,0
"28","CMIP6.CMIP.CCCma.CanESM5.esm-hist.r7i1p1f1.gn",0,1,0,0,0
"29","CMIP6.CMIP.CCCma.CanESM5.esm-hist.r8i1p1f1.gn",0,1,0,0,0
"30","CMIP6.CMIP.CCCma.CanESM5.esm-hist.r9i1p1f1.gn",0,1,0,0,0
"31","CMIP6.CMIP.CCCma.CanESM5.historical.r10i1p1f1.gn",1,1,1,1,1
"32","CMIP6.CMIP.CCCma.CanESM5.historical.r10i1p2f1.gn",0,1,0,1,0
"33","CMIP6.CMIP.CCCma.CanESM5.historical.r11i1p1f1.gn",1,1,1,1,1
"34","CMIP6.CMIP.CCCma.CanESM5.historical.r11i1p2f1.gn",1,1,1,0,0
"35","CMIP6.CMIP.CCCma.CanESM5.historical.r12i1p1f1.gn",1,1,1,1,0
"36","CMIP6.CMIP.CCCma.CanESM5.historical.r12i1p2f1.gn",1,1,1,1,0
"37","CMIP6.CMIP.CCCma.CanESM5.historical.r13i1p1f1.gn",1,1,1,1,1
"38","CMIP6.CMIP.CCCma.CanESM5.historical.r13i1p2f1.gn",0,1,1,1,1
"39","CMIP6.CMIP.CCCma.CanESM5.historical.r14i1p1f1.gn",1,1,1,1,1
"40","CMIP6.CMIP.CCCma.CanESM5.historical.r14i1p2f1.gn",1,1,1,0,1
"41","CMIP6.CMIP.CCCma.CanESM5.historical.r15i1p1f1.gn",1,1,1,1,1
"42","CMIP6.CMIP.CCCma.CanESM5.historical.r15i1p2f1.gn",1,1,1,1,1
"43","CMIP6.CMIP.CCCma.CanESM5.historical.r16i1p1f1.gn",1,1,1,1,1
"44","CMIP6.CMIP.CCCma.CanESM5.historical.r16i1p2f1.gn",1,1,1,0,0
"45","CMIP6.CMIP.CCCma.CanESM5.historical.r17i1p1f1.gn",0,1,1,0,0
"46","CMIP6.CMIP.CCCma.CanESM5.historical.r17i1p2f1.gn",1,1,1,1,1
"47","CMIP6.CMIP.CCCma.CanESM5.historical.r18i1p1f1.gn",1,1,1,1,1
"48","CMIP6.CMIP.CCCma.CanESM5.historical.r18i1p2f1.gn",1,1,1,0,1
"49","CMIP6.CMIP.CCCma.CanESM5.historical.r19i1p1f1.gn",1,1,1,1,0
"50","CMIP6.CMIP.CCCma.CanESM5.historical.r19i1p2f1.gn",1,1,1,1,0
"51","CMIP6.CMIP.CCCma.CanESM5.historical.r1i1p1f1.gn",1,1,1,1,1
"52","CMIP6.CMIP.CCCma.CanESM5.historical.r1i1p2f1.gn",1,1,1,1,1
"53","CMIP6.CMIP.CCCma.CanESM5.historical.r20i1p1f1.gn",1,1,1,1,1
"54","CMIP6.CMIP.CCCma.CanESM5.historical.r20i1p2f1.gn",1,1,1,1,0
"55","CMIP6.CMIP.CCCma.CanESM5.historical.r21i1p1f1.gn",1,1,1,0,1
"56","CMIP6.CMIP.CCCma.CanESM5.historical.r21i1p2f1.gn",1,1,1,1,1
"57","CMIP6.CMIP.CCCma.CanESM5.historical.r22i1p1f1.gn",1,1,1,1,0
"58","CMIP6.CMIP.CCCma.CanESM5.historical.r22i1p2f1.gn",1,1,1,1,1
"59","CMIP6.CMIP.CCCma.CanESM5.historical.r23i1p1f1.gn",0,1,1,1,1
"60","CMIP6.CMIP.CCCma.CanESM5.historical.r23i1p2f1.gn",1,1,1,1,1
"61","CMIP6.CMIP.CCCma.CanESM5.historical.r24i1p1f1.gn",1,1,1,1,1
"62","CMIP6.CMIP.CCCma.CanESM5.historical.r24i1p2f1.gn",1,1,1,1,1
"63","CMIP6.CMIP.CCCma.CanESM5.historical.r25i1p1f1.gn",1,1,0,1,1
"64","CMIP6.CMIP.CCCma.CanESM5.historical.r25i1p2f1.gn",1,1,1,1,1
"65","CMIP6.CMIP.CCCma.CanESM5.historical.r2i1p1f1.gn",1,1,1,1,0
"66","CMIP6.CMIP.CCCma.CanESM5.historical.r2i1p2f1.gn",1,1,1,0,0
"67","CMIP6.CMIP.CCCma.CanESM5.historical.r3i1p1f1.gn",0,1,1,1,1
"68","CMIP6.CMIP.CCCma.CanESM5.historical.r3i1p2f1.gn",1,1,1,0,1
"69","CMIP6.CMIP.CCCma.CanESM5.historical.r4i1p1f1.gn",1,1,1,1,1
"70","CMIP6.CMIP.CCCma.CanESM5.historical.r4i1p2f1.gn",1,1,1,1,1
"71","CMIP6.CMIP.CCCma.CanESM5.historical.r5i1p1f1.gn",1,1,1,1,1
"72","CMIP6.CMIP.CCCma.CanESM5.historical.r5i1p2f1.gn",1,1,1,0,1
"73","CMIP6.CMIP.CCCma.CanESM5.historical.r6i1p1f1.gn",1,1,1,1,1
"74","CMIP6.CMIP.CCCma.CanESM5.historical.r6i1p2f1.gn",1,1,0,1,1
"75","CMIP6.CMIP.CCCma.CanESM5.historical.r7i1p1f1.gn",1,1,1,0,1
"76","CMIP6.CMIP.CCCma.CanESM5.historical.r7i1p2f1.gn",1,1,1,1,1
"77","CMIP6.CMIP.CCCma.CanESM5.historical.r8i1p1f1.gn",1,1,1,0,0
"78","CMIP6.CMIP.CCCma.CanESM5.historical.r8i1p2f1.gn",0,1,1,1,1
"79","CMIP6.CMIP.CCCma.CanESM5.historical.r9i1p1f1.gn",0,1,1,1,1
"80","CMIP6.CMIP.CCCma.CanESM5.historical.r9i1p2f1.gn",1,1,1,1,1
"81","CMIP6.CMIP.CNRM-CERFACS.CNRM-CM6-1.historical.r10i1p1f2.gr",1,1,1,1,1
"82","CMIP6.CMIP.CNRM-CERFACS.CNRM-CM6-1.historical.r11i1p1f2.gr",1,1,1,1,1
"83","CMIP6.CMIP.CNRM-CERFACS.CNRM-CM6-1.historical.r12i1p1f2.gr",1,1,1,1,1
"84","CMIP6.CMIP.CNRM-CERFACS.CNRM-CM6-1.historical.r13i1p1f2.gr",1,1,1,1,1
"85","CMIP6.CMIP.CNRM-CERFACS.CNRM-CM6-1.historical.r14i1p1f2.gr",1,1,1,1,1
"86","CMIP6.CMIP.CNRM-CERFACS.CNRM-CM6-1.historical.r15i1p1f2.gr",0,1,0,0,0
"87","CMIP6.CMIP.CNRM-CERFACS.CNRM-CM6-1.historical.r1i1p1f2.gr",1,1,1,1,1
"88","CMIP6.CMIP.CNRM-CERFACS.CNRM-CM6-1.historical.r2i1p1f2.gr",1,1,1,1,1
"89","CMIP6.CMIP.CNRM-CERFACS.CNRM-CM6-1.historical.r3i1p1f2.gr",1,1,1,1,1
"90","CMIP6.CMIP.CNRM-CERFACS.CNRM-CM6-1.historical.r4i1p1f2.gr",1,1,1,1,1
"91","CMIP6.CMIP.CNRM-CERFACS.CNRM-CM6-1.historical.r5i1p1f2.gr",1,1,1,1,1
"92","CMIP6.CMIP.CNRM-CERFACS.CNRM-CM6-1.historical.r6i1p1f2.gr",1,1,1,1,1
"93","CMIP6.CMIP.CNRM-CERFACS.CNRM-CM6-1.historical.r7i1p1f2.gr",1,1,1,1,1
"94","CMIP6.CMIP.CNRM-CERFACS.CNRM-CM6-1.historical.r8i1p1f2.gr",1,1,1,1,1
"95","CMIP6.CMIP.CNRM-CERFACS.CNRM-CM6-1.historical.r9i1p1f2.gr",1,1,1,1,1
"96","CMIP6.CMIP.CNRM-CERFACS.CNRM-ESM2-1.esm-hist.r1i1p1f2.gr",1,1,1,1,1
"97","CMIP6.CMIP.CNRM-CERFACS.CNRM-ESM2-1.historical.r1i1p1f2.gr",1,NA,1,1,1
"98","CMIP6.CMIP.CNRM-CERFACS.CNRM-ESM2-1.historical.r2i1p1f2.gr",1,1,1,1,1
"99","CMIP6.CMIP.CNRM-CERFACS.CNRM-ESM2-1.historical.r3i1p1f2.gr",1,1,1,1,1
"100","CMIP6.CMIP.CNRM-CERFACS.CNRM-ESM2-1.historical.r4i1p1f2.gr",1,1,1,1,1
"101","CMIP6.CMIP.CNRM-CERFACS.CNRM-ESM2-1.historical.r5i1p1f2.gr",1,1,1,1,1
"102","CMIP6.CMIP.E3SM-Project.E3SM-1-0.historical.r1i1p1f1.gr",0,1,0,0,0
"103","CMIP6.CMIP.E3SM-Project.E3SM-1-0.historical.r2i1p1f1.gr",0,1,0,0,0
"104","CMIP6.CMIP.E3SM-Project.E3SM-1-0.historical.r3i1p1f1.gr",0,1,0,0,0
"105","CMIP6.CMIP.E3SM-Project.E3SM-1-0.historical.r4i1p1f1.gr",0,1,0,0,0
"106","CMIP6.CMIP.E3SM-Project.E3SM-1-0.historical.r5i1p1f1.gr",0,1,0,0,0
"107","CMIP6.CMIP.EC-Earth-Consortium.EC-Earth3-Veg.historical.r1i1p1f1.gr",1,1,1,1,1
"108","CMIP6.CMIP.EC-Earth-Consortium.EC-Earth3-Veg.historical.r2i1p1f1.gr",1,0,1,1,1
"109","CMIP6.CMIP.EC-Earth-Consortium.EC-Earth3-Veg.historical.r3i1p1f1.gr",1,1,1,1,1
"110","CMIP6.CMIP.EC-Earth-Consortium.EC-Earth3-Veg.historical.r4i1p1f1.gr",1,NA,1,1,1
"111","CMIP6.CMIP.EC-Earth-Consortium.EC-Earth3.historical.r11i1p1f1.gr",1,NA,1,1,1
"112","CMIP6.CMIP.EC-Earth-Consortium.EC-Earth3.historical.r13i1p1f1.gr",1,NA,1,1,1
"113","CMIP6.CMIP.EC-Earth-Consortium.EC-Earth3.historical.r15i1p1f1.gr",1,NA,1,1,1
"114","CMIP6.CMIP.EC-Earth-Consortium.EC-Earth3.historical.r1i1p1f1.gr",1,1,1,1,1
"115","CMIP6.CMIP.EC-Earth-Consortium.EC-Earth3.historical.r22i1p1f1.gr",1,NA,1,1,1
"116","CMIP6.CMIP.EC-Earth-Consortium.EC-Earth3.historical.r24i1p1f1.gr",1,0,1,1,1
"117","CMIP6.CMIP.EC-Earth-Consortium.EC-Earth3.historical.r4i1p1f1.gr",1,0,1,1,1
"118","CMIP6.CMIP.EC-Earth-Consortium.EC-Earth3.historical.r6i1p1f1.gr",1,NA,1,1,1
"119","CMIP6.CMIP.EC-Earth-Consortium.EC-Earth3.historical.r9i1p1f1.gr",1,NA,1,1,1
"120","CMIP6.CMIP.IPSL.IPSL-CM6A-LR.historical.r10i1p1f1.gr",0,0,1,1,0
"121","CMIP6.CMIP.IPSL.IPSL-CM6A-LR.historical.r11i1p1f1.gr",0,0,1,1,0
"122","CMIP6.CMIP.IPSL.IPSL-CM6A-LR.historical.r12i1p1f1.gr",0,0,1,1,0
"123","CMIP6.CMIP.IPSL.IPSL-CM6A-LR.historical.r13i1p1f1.gr",0,0,1,1,0
"124","CMIP6.CMIP.IPSL.IPSL-CM6A-LR.historical.r14i1p1f1.gr",0,0,1,1,0
"125","CMIP6.CMIP.IPSL.IPSL-CM6A-LR.historical.r15i1p1f1.gr",0,0,1,1,0
"126","CMIP6.CMIP.IPSL.IPSL-CM6A-LR.historical.r16i1p1f1.gr",0,0,1,1,0
"127","CMIP6.CMIP.IPSL.IPSL-CM6A-LR.historical.r17i1p1f1.gr",0,0,1,1,0
"128","CMIP6.CMIP.IPSL.IPSL-CM6A-LR.historical.r18i1p1f1.gr",0,0,1,1,0
"129","CMIP6.CMIP.IPSL.IPSL-CM6A-LR.historical.r19i1p1f1.gr",0,0,1,1,0
"130","CMIP6.CMIP.IPSL.IPSL-CM6A-LR.historical.r1i1p1f1.gr",0,0,1,1,0
"131","CMIP6.CMIP.IPSL.IPSL-CM6A-LR.historical.r20i1p1f1.gr",0,0,1,1,0
"132","CMIP6.CMIP.IPSL.IPSL-CM6A-LR.historical.r21i1p1f1.gr",0,0,1,1,0
"133","CMIP6.CMIP.IPSL.IPSL-CM6A-LR.historical.r22i1p1f1.gr",0,0,1,1,0
"134","CMIP6.CMIP.IPSL.IPSL-CM6A-LR.historical.r23i1p1f1.gr",0,0,1,1,0
"135","CMIP6.CMIP.IPSL.IPSL-CM6A-LR.historical.r24i1p1f1.gr",0,0,1,1,0
"136","CMIP6.CMIP.IPSL.IPSL-CM6A-LR.historical.r25i1p1f1.gr",0,0,1,1,0
"137","CMIP6.CMIP.IPSL.IPSL-CM6A-LR.historical.r26i1p1f1.gr",0,0,1,1,0
"138","CMIP6.CMIP.IPSL.IPSL-CM6A-LR.historical.r27i1p1f1.gr",0,0,1,1,0
"139","CMIP6.CMIP.IPSL.IPSL-CM6A-LR.historical.r28i1p1f1.gr",0,0,1,1,0
"140","CMIP6.CMIP.IPSL.IPSL-CM6A-LR.historical.r29i1p1f1.gr",0,0,1,1,0
"141","CMIP6.CMIP.IPSL.IPSL-CM6A-LR.historical.r2i1p1f1.gr",0,0,1,1,0
"142","CMIP6.CMIP.IPSL.IPSL-CM6A-LR.historical.r30i1p1f1.gr",0,0,1,1,0
"143","CMIP6.CMIP.IPSL.IPSL-CM6A-LR.historical.r31i1p1f1.gr",0,0,1,1,0
"144","CMIP6.CMIP.IPSL.IPSL-CM6A-LR.historical.r32i1p1f1.gr",1,1,1,1,1
"145","CMIP6.CMIP.IPSL.IPSL-CM6A-LR.historical.r3i1p1f1.gr",0,0,1,1,0
"146","CMIP6.CMIP.IPSL.IPSL-CM6A-LR.historical.r4i1p1f1.gr",0,0,1,1,0
"147","CMIP6.CMIP.IPSL.IPSL-CM6A-LR.historical.r5i1p1f1.gr",0,0,1,1,0
"148","CMIP6.CMIP.IPSL.IPSL-CM6A-LR.historical.r6i1p1f1.gr",0,0,1,1,0
"149","CMIP6.CMIP.IPSL.IPSL-CM6A-LR.historical.r7i1p1f1.gr",0,0,1,1,0
"150","CMIP6.CMIP.IPSL.IPSL-CM6A-LR.historical.r8i1p1f1.gr",0,0,1,1,0
"151","CMIP6.CMIP.IPSL.IPSL-CM6A-LR.historical.r9i1p1f1.gr",0,0,1,1,0
"152","CMIP6.CMIP.MIROC.MIROC-ES2L.historical.r1i1p1f2.gn",0,1,0,0,0
"153","CMIP6.CMIP.MIROC.MIROC-ES2L.historical.r2i1p1f2.gn",0,1,0,0,0
"154","CMIP6.CMIP.MIROC.MIROC-ES2L.historical.r3i1p1f2.gn",0,1,0,0,0
"155","CMIP6.CMIP.MIROC.MIROC6.historical.r10i1p1f1.gn",0,1,0,0,0
"156","CMIP6.CMIP.MIROC.MIROC6.historical.r1i1p1f1.gn",0,1,0,0,0
"157","CMIP6.CMIP.MIROC.MIROC6.historical.r2i1p1f1.gn",0,1,0,0,0
"158","CMIP6.CMIP.MIROC.MIROC6.historical.r3i1p1f1.gn",0,1,0,0,0
"159","CMIP6.CMIP.MIROC.MIROC6.historical.r4i1p1f1.gn",0,1,0,0,0
"160","CMIP6.CMIP.MIROC.MIROC6.historical.r5i1p1f1.gn",0,1,0,0,0
"161","CMIP6.CMIP.MIROC.MIROC6.historical.r6i1p1f1.gn",0,1,0,0,0
"162","CMIP6.CMIP.MIROC.MIROC6.historical.r7i1p1f1.gn",0,1,0,0,0
"163","CMIP6.CMIP.MIROC.MIROC6.historical.r8i1p1f1.gn",0,1,0,0,0
"164","CMIP6.CMIP.MIROC.MIROC6.historical.r9i1p1f1.gn",0,1,0,0,0
"165","CMIP6.CMIP.MOHC.HadGEM3-GC31-LL.historical.r1i1p1f3.gn",1,NA,1,1,1
"166","CMIP6.CMIP.MOHC.HadGEM3-GC31-LL.historical.r2i1p1f3.gn",1,NA,1,1,1
"167","CMIP6.CMIP.MOHC.HadGEM3-GC31-LL.historical.r3i1p1f3.gn",1,NA,1,1,1
"168","CMIP6.CMIP.MOHC.HadGEM3-GC31-LL.historical.r4i1p1f3.gn",1,NA,1,1,1
"169","CMIP6.CMIP.MOHC.UKESM1-0-LL.esm-hist.r1i1p1f2.gn",1,NA,1,1,1
"170","CMIP6.CMIP.MOHC.UKESM1-0-LL.historical.r1i1p1f2.gn",1,NA,1,1,1
"171","CMIP6.CMIP.MOHC.UKESM1-0-LL.historical.r2i1p1f2.gn",1,NA,1,1,1
"172","CMIP6.CMIP.MOHC.UKESM1-0-LL.historical.r3i1p1f2.gn",1,NA,1,1,1
"173","CMIP6.CMIP.MOHC.UKESM1-0-LL.historical.r4i1p1f2.gn",1,NA,1,1,1
"174","CMIP6.CMIP.MOHC.UKESM1-0-LL.historical.r8i1p1f2.gn",1,NA,1,1,1
"175","CMIP6.CMIP.MRI.MRI-ESM2-0.historical.r1i1p1f1.gn",1,1,1,1,1
"176","CMIP6.CMIP.MRI.MRI-ESM2-0.historical.r2i1p1f1.gn",1,1,1,1,1
"177","CMIP6.CMIP.MRI.MRI-ESM2-0.historical.r3i1p1f1.gn",1,1,1,1,1
"178","CMIP6.CMIP.MRI.MRI-ESM2-0.historical.r4i1p1f1.gn",1,1,1,1,1
"179","CMIP6.CMIP.MRI.MRI-ESM2-0.historical.r5i1p1f1.gn",1,1,1,1,1
"180","CMIP6.CMIP.NASA-GISS.GISS-E2-1-G.historical.r1i1p1f1.gn",NA,NA,NA,1,1
"181","CMIP6.CMIP.NCAR.CESM2-WACCM.historical.r1i1p1f1.gn",1,0,0,NA,NA
"182","CMIP6.CMIP.NCAR.CESM2-WACCM.historical.r2i1p1f1.gn",1,0,0,NA,NA
"183","CMIP6.CMIP.NCAR.CESM2-WACCM.historical.r3i1p1f1.gn",1,0,0,NA,NA
"184","CMIP6.CMIP.NCAR.CESM2.esm-hist.r1i1p1f1.gn",0,1,0,0,0
"185","CMIP6.CMIP.NCAR.CESM2.historical.r10i1p1f1.gn",NA,1,1,NA,NA
"186","CMIP6.CMIP.NCAR.CESM2.historical.r11i1p1f1.gn",1,1,1,NA,NA
"187","CMIP6.CMIP.NCAR.CESM2.historical.r1i1p1f1.gn",1,1,1,0,0
"188","CMIP6.CMIP.NCAR.CESM2.historical.r2i1p1f1.gn",1,1,1,0,0
"189","CMIP6.CMIP.NCAR.CESM2.historical.r3i1p1f1.gn",1,1,1,0,0
"190","CMIP6.CMIP.NCAR.CESM2.historical.r4i1p1f1.gn",1,0,0,NA,NA
"191","CMIP6.CMIP.NCAR.CESM2.historical.r5i1p1f1.gn",1,0,0,NA,NA
"192","CMIP6.CMIP.NCAR.CESM2.historical.r6i1p1f1.gn",1,0,0,NA,NA
"193","CMIP6.CMIP.NCAR.CESM2.historical.r7i1p1f1.gn",1,0,0,NA,NA
"194","CMIP6.CMIP.NCAR.CESM2.historical.r8i1p1f1.gn",1,0,0,NA,NA
"195","CMIP6.CMIP.NCAR.CESM2.historical.r9i1p1f1.gn",1,0,0,NA,NA
"196","CMIP6.CMIP.NCC.NorCPM1.historical.r10i1p1f1.gn",0,1,0,0,0
"197","CMIP6.CMIP.NCC.NorCPM1.historical.r11i1p1f1.gn",0,1,0,0,0
"198","CMIP6.CMIP.NCC.NorCPM1.historical.r12i1p1f1.gn",0,1,0,0,0
"199","CMIP6.CMIP.NCC.NorCPM1.historical.r13i1p1f1.gn",0,1,0,0,0
"200","CMIP6.CMIP.NCC.NorCPM1.historical.r14i1p1f1.gn",0,1,0,0,0
"201","CMIP6.CMIP.NCC.NorCPM1.historical.r15i1p1f1.gn",0,1,0,0,0
"202","CMIP6.CMIP.NCC.NorCPM1.historical.r16i1p1f1.gn",0,1,0,0,0
"203","CMIP6.CMIP.NCC.NorCPM1.historical.r17i1p1f1.gn",0,1,0,0,0
"204","CMIP6.CMIP.NCC.NorCPM1.historical.r18i1p1f1.gn",0,1,0,0,0
"205","CMIP6.CMIP.NCC.NorCPM1.historical.r19i1p1f1.gn",0,1,0,0,0
"206","CMIP6.CMIP.NCC.NorCPM1.historical.r1i1p1f1.gn",0,1,0,0,0
"207","CMIP6.CMIP.NCC.NorCPM1.historical.r20i1p1f1.gn",0,1,0,0,0
"208","CMIP6.CMIP.NCC.NorCPM1.historical.r21i1p1f1.gn",0,1,0,0,0
"209","CMIP6.CMIP.NCC.NorCPM1.historical.r22i1p1f1.gn",0,1,0,0,0
"210","CMIP6.CMIP.NCC.NorCPM1.historical.r23i1p1f1.gn",0,1,0,0,0
"211","CMIP6.CMIP.NCC.NorCPM1.historical.r24i1p1f1.gn",0,1,0,0,0
"212","CMIP6.CMIP.NCC.NorCPM1.historical.r25i1p1f1.gn",0,1,0,0,0
"213","CMIP6.CMIP.NCC.NorCPM1.historical.r26i1p1f1.gn",0,1,0,0,0
"214","CMIP6.CMIP.NCC.NorCPM1.historical.r27i1p1f1.gn",0,1,0,0,0
"215","CMIP6.CMIP.NCC.NorCPM1.historical.r28i1p1f1.gn",0,1,0,0,0
"216","CMIP6.CMIP.NCC.NorCPM1.historical.r29i1p1f1.gn",0,1,0,0,0
"217","CMIP6.CMIP.NCC.NorCPM1.historical.r2i1p1f1.gn",0,1,0,0,0
"218","CMIP6.CMIP.NCC.NorCPM1.historical.r30i1p1f1.gn",0,1,0,0,0
"219","CMIP6.CMIP.NCC.NorCPM1.historical.r3i1p1f1.gn",0,1,0,0,0
"220","CMIP6.CMIP.NCC.NorCPM1.historical.r4i1p1f1.gn",0,1,0,0,0
"221","CMIP6.CMIP.NCC.NorCPM1.historical.r5i1p1f1.gn",0,1,0,0,0
"222","CMIP6.CMIP.NCC.NorCPM1.historical.r6i1p1f1.gn",0,1,0,0,0
"223","CMIP6.CMIP.NCC.NorCPM1.historical.r7i1p1f1.gn",0,1,0,0,0
"224","CMIP6.CMIP.NCC.NorCPM1.historical.r8i1p1f1.gn",0,1,0,0,0
"225","CMIP6.CMIP.NCC.NorCPM1.historical.r9i1p1f1.gn",0,1,0,0,0
"226","CMIP6.CMIP.NCC.NorESM2-LM.esm-hist.r1i1p1f1.gn",0,1,0,0,0
"227","CMIP6.CMIP.NCC.NorESM2-LM.historical.r1i1p1f1.gn",1,1,1,1,1
"228","CMIP6.CMIP.NOAA-GFDL.GFDL-CM4.historical.r1i1p1f1.gr1",1,1,1,1,1
"229","CMIP6.CMIP.NOAA-GFDL.GFDL-CM4.historical.r1i1p1f1.gr2",1,1,1,1,1
"230","CMIP6.CMIP.NOAA-GFDL.GFDL-ESM4.esm-hist.r1i1p1f1.gr1",1,NA,1,1,1
"231","CMIP6.CMIP.NOAA-GFDL.GFDL-ESM4.historical.r1i1p1f1.gr1",1,NA,1,1,1
"232","CMIP6.CMIP.NUIST.NESM3.historical.r1i1p1f1.gn",1,NA,1,1,1
"233","CMIP6.CMIP.NUIST.NESM3.historical.r2i1p1f1.gn",1,NA,1,1,1
"234","CMIP6.CMIP.NUIST.NESM3.historical.r3i1p1f1.gn",1,NA,1,1,1
"235","CMIP6.CMIP.NUIST.NESM3.historical.r4i1p1f1.gn",1,NA,1,1,1
"236","CMIP6.CMIP.NUIST.NESM3.historical.r5i1p1f1.gn",1,NA,1,1,1
"237","CMIP6.CMIP.SNU.SAM0-UNICON.historical.r1i1p1f1.gn",1,1,1,1,1
"238","CMIP6.ScenarioMIP.AWI.AWI-CM-1-1-MR.ssp370.r1i1p1f1.gn",NA,NA,1,1,1
"239","CMIP6.ScenarioMIP.BCC.BCC-CSM2-MR.ssp126.r1i1p1f1.gn",1,NA,1,1,1
"240","CMIP6.ScenarioMIP.BCC.BCC-CSM2-MR.ssp245.r1i1p1f1.gn",1,NA,1,1,1
"241","CMIP6.ScenarioMIP.BCC.BCC-CSM2-MR.ssp370.r1i1p1f1.gn",1,NA,1,1,1
"242","CMIP6.ScenarioMIP.BCC.BCC-CSM2-MR.ssp585.r1i1p1f1.gn",1,NA,1,1,1
"243","CMIP6.ScenarioMIP.CCCma.CanESM5.ssp126.r10i1p1f1.gn",1,1,1,1,1
"244","CMIP6.ScenarioMIP.CCCma.CanESM5.ssp126.r10i1p2f1.gn",1,1,1,1,1
"245","CMIP6.ScenarioMIP.CCCma.CanESM5.ssp126.r11i1p1f1.gn",1,1,1,1,0
"246","CMIP6.ScenarioMIP.CCCma.CanESM5.ssp126.r11i1p2f1.gn",1,1,1,1,1
"247","CMIP6.ScenarioMIP.CCCma.CanESM5.ssp126.r12i1p1f1.gn",1,1,0,1,0
"248","CMIP6.ScenarioMIP.CCCma.CanESM5.ssp126.r12i1p2f1.gn",0,1,0,1,0
"249","CMIP6.ScenarioMIP.CCCma.CanESM5.ssp126.r13i1p1f1.gn",0,1,1,1,0
"250","CMIP6.ScenarioMIP.CCCma.CanESM5.ssp126.r13i1p2f1.gn",0,1,1,1,1
"251","CMIP6.ScenarioMIP.CCCma.CanESM5.ssp126.r14i1p1f1.gn",0,1,1,1,1
"252","CMIP6.ScenarioMIP.CCCma.CanESM5.ssp126.r14i1p2f1.gn",1,1,0,1,1
"253","CMIP6.ScenarioMIP.CCCma.CanESM5.ssp126.r15i1p1f1.gn",1,1,1,1,0
"254","CMIP6.ScenarioMIP.CCCma.CanESM5.ssp126.r15i1p2f1.gn",0,1,1,1,1
"255","CMIP6.ScenarioMIP.CCCma.CanESM5.ssp126.r16i1p1f1.gn",0,1,0,1,0
"256","CMIP6.ScenarioMIP.CCCma.CanESM5.ssp126.r16i1p2f1.gn",1,1,1,1,0
"257","CMIP6.ScenarioMIP.CCCma.CanESM5.ssp126.r17i1p1f1.gn",0,1,1,0,1
"258","CMIP6.ScenarioMIP.CCCma.CanESM5.ssp126.r17i1p2f1.gn",0,1,1,1,0
"259","CMIP6.ScenarioMIP.CCCma.CanESM5.ssp126.r18i1p1f1.gn",1,1,1,1,0
"260","CMIP6.ScenarioMIP.CCCma.CanESM5.ssp126.r18i1p2f1.gn",1,1,0,0,1
"261","CMIP6.ScenarioMIP.CCCma.CanESM5.ssp126.r19i1p1f1.gn",0,1,0,1,1
"262","CMIP6.ScenarioMIP.CCCma.CanESM5.ssp126.r19i1p2f1.gn",1,1,1,0,1
"263","CMIP6.ScenarioMIP.CCCma.CanESM5.ssp126.r1i1p1f1.gn",1,1,1,1,1
"264","CMIP6.ScenarioMIP.CCCma.CanESM5.ssp126.r1i1p2f1.gn",1,1,1,1,1
"265","CMIP6.ScenarioMIP.CCCma.CanESM5.ssp126.r20i1p1f1.gn",1,1,1,1,1
"266","CMIP6.ScenarioMIP.CCCma.CanESM5.ssp126.r20i1p2f1.gn",1,1,1,0,0
"267","CMIP6.ScenarioMIP.CCCma.CanESM5.ssp126.r21i1p1f1.gn",0,1,0,1,0
"268","CMIP6.ScenarioMIP.CCCma.CanESM5.ssp126.r21i1p2f1.gn",0,1,0,1,1
"269","CMIP6.ScenarioMIP.CCCma.CanESM5.ssp126.r22i1p1f1.gn",1,1,1,0,1
"270","CMIP6.ScenarioMIP.CCCma.CanESM5.ssp126.r22i1p2f1.gn",1,1,0,0,1
"271","CMIP6.ScenarioMIP.CCCma.CanESM5.ssp126.r23i1p1f1.gn",1,1,0,1,1
"272","CMIP6.ScenarioMIP.CCCma.CanESM5.ssp126.r23i1p2f1.gn",1,1,0,0,1
"273","CMIP6.ScenarioMIP.CCCma.CanESM5.ssp126.r24i1p1f1.gn",1,1,1,1,1
"274","CMIP6.ScenarioMIP.CCCma.CanESM5.ssp126.r24i1p2f1.gn",0,1,0,1,0
"275","CMIP6.ScenarioMIP.CCCma.CanESM5.ssp126.r25i1p1f1.gn",0,1,1,1,1
"276","CMIP6.ScenarioMIP.CCCma.CanESM5.ssp126.r25i1p2f1.gn",1,1,1,1,1
"277","CMIP6.ScenarioMIP.CCCma.CanESM5.ssp126.r2i1p1f1.gn",1,1,1,1,1
"278","CMIP6.ScenarioMIP.CCCma.CanESM5.ssp126.r2i1p2f1.gn",1,1,1,1,1
"279","CMIP6.ScenarioMIP.CCCma.CanESM5.ssp126.r3i1p1f1.gn",1,1,1,1,1
"280","CMIP6.ScenarioMIP.CCCma.CanESM5.ssp126.r3i1p2f1.gn",1,1,1,1,1
"281","CMIP6.ScenarioMIP.CCCma.CanESM5.ssp126.r4i1p1f1.gn",1,1,1,1,1
"282","CMIP6.ScenarioMIP.CCCma.CanESM5.ssp126.r4i1p2f1.gn",1,1,1,1,1
"283","CMIP6.ScenarioMIP.CCCma.CanESM5.ssp126.r5i1p1f1.gn",1,1,1,1,1
"284","CMIP6.ScenarioMIP.CCCma.CanESM5.ssp126.r5i1p2f1.gn",1,1,1,1,1
"285","CMIP6.ScenarioMIP.CCCma.CanESM5.ssp126.r6i1p1f1.gn",1,1,1,1,1
"286","CMIP6.ScenarioMIP.CCCma.CanESM5.ssp126.r6i1p2f1.gn",1,1,1,1,1
"287","CMIP6.ScenarioMIP.CCCma.CanESM5.ssp126.r7i1p1f1.gn",1,1,1,1,1
"288","CMIP6.ScenarioMIP.CCCma.CanESM5.ssp126.r7i1p2f1.gn",1,1,1,1,1
"289","CMIP6.ScenarioMIP.CCCma.CanESM5.ssp126.r8i1p1f1.gn",1,1,1,1,1
"290","CMIP6.ScenarioMIP.CCCma.CanESM5.ssp126.r8i1p2f1.gn",1,1,1,1,1
"291","CMIP6.ScenarioMIP.CCCma.CanESM5.ssp126.r9i1p1f1.gn",1,1,1,1,1
"292","CMIP6.ScenarioMIP.CCCma.CanESM5.ssp126.r9i1p2f1.gn",1,1,1,1,1
"293","CMIP6.ScenarioMIP.CCCma.CanESM5.ssp245.r10i1p1f1.gn",1,1,1,1,1
"294","CMIP6.ScenarioMIP.CCCma.CanESM5.ssp245.r10i1p2f1.gn",1,1,1,1,1
"295","CMIP6.ScenarioMIP.CCCma.CanESM5.ssp245.r11i1p1f1.gn",1,1,0,1,0
"296","CMIP6.ScenarioMIP.CCCma.CanESM5.ssp245.r11i1p2f1.gn",1,1,1,0,1
"297","CMIP6.ScenarioMIP.CCCma.CanESM5.ssp245.r12i1p1f1.gn",0,1,0,0,1
"298","CMIP6.ScenarioMIP.CCCma.CanESM5.ssp245.r12i1p2f1.gn",1,1,1,0,1
"299","CMIP6.ScenarioMIP.CCCma.CanESM5.ssp245.r13i1p1f1.gn",1,1,1,1,1
"300","CMIP6.ScenarioMIP.CCCma.CanESM5.ssp245.r13i1p2f1.gn",1,1,0,0,1
"301","CMIP6.ScenarioMIP.CCCma.CanESM5.ssp245.r14i1p1f1.gn",0,1,1,1,0
"302","CMIP6.ScenarioMIP.CCCma.CanESM5.ssp245.r14i1p2f1.gn",1,1,1,1,1
"303","CMIP6.ScenarioMIP.CCCma.CanESM5.ssp245.r15i1p1f1.gn",1,1,1,1,0
"304","CMIP6.ScenarioMIP.CCCma.CanESM5.ssp245.r15i1p2f1.gn",0,1,1,0,1
"305","CMIP6.ScenarioMIP.CCCma.CanESM5.ssp245.r16i1p1f1.gn",1,1,1,1,0
"306","CMIP6.ScenarioMIP.CCCma.CanESM5.ssp245.r16i1p2f1.gn",1,1,1,0,1
"307","CMIP6.ScenarioMIP.CCCma.CanESM5.ssp245.r17i1p1f1.gn",0,1,1,0,1
"308","CMIP6.ScenarioMIP.CCCma.CanESM5.ssp245.r17i1p2f1.gn",1,1,0,1,0
"309","CMIP6.ScenarioMIP.CCCma.CanESM5.ssp245.r18i1p1f1.gn",1,1,1,1,1
"310","CMIP6.ScenarioMIP.CCCma.CanESM5.ssp245.r18i1p2f1.gn",1,1,1,1,1
"311","CMIP6.ScenarioMIP.CCCma.CanESM5.ssp245.r19i1p1f1.gn",0,1,1,1,1
"312","CMIP6.ScenarioMIP.CCCma.CanESM5.ssp245.r19i1p2f1.gn",1,1,1,1,1
"313","CMIP6.ScenarioMIP.CCCma.CanESM5.ssp245.r1i1p1f1.gn",1,1,1,1,1
"314","CMIP6.ScenarioMIP.CCCma.CanESM5.ssp245.r1i1p2f1.gn",1,1,1,1,1
"315","CMIP6.ScenarioMIP.CCCma.CanESM5.ssp245.r20i1p1f1.gn",0,1,1,1,1
"316","CMIP6.ScenarioMIP.CCCma.CanESM5.ssp245.r20i1p2f1.gn",0,1,1,1,1
"317","CMIP6.ScenarioMIP.CCCma.CanESM5.ssp245.r21i1p1f1.gn",0,1,0,0,1
"318","CMIP6.ScenarioMIP.CCCma.CanESM5.ssp245.r21i1p2f1.gn",1,1,1,1,0
"319","CMIP6.ScenarioMIP.CCCma.CanESM5.ssp245.r22i1p1f1.gn",1,1,1,1,1
"320","CMIP6.ScenarioMIP.CCCma.CanESM5.ssp245.r22i1p2f1.gn",1,1,1,1,0
"321","CMIP6.ScenarioMIP.CCCma.CanESM5.ssp245.r23i1p1f1.gn",1,1,0,1,0
"322","CMIP6.ScenarioMIP.CCCma.CanESM5.ssp245.r23i1p2f1.gn",0,1,0,1,1
"323","CMIP6.ScenarioMIP.CCCma.CanESM5.ssp245.r24i1p1f1.gn",1,1,1,0,1
"324","CMIP6.ScenarioMIP.CCCma.CanESM5.ssp245.r24i1p2f1.gn",1,1,1,1,1
"325","CMIP6.ScenarioMIP.CCCma.CanESM5.ssp245.r25i1p1f1.gn",0,1,1,1,0
"326","CMIP6.ScenarioMIP.CCCma.CanESM5.ssp245.r25i1p2f1.gn",0,1,1,1,1
"327","CMIP6.ScenarioMIP.CCCma.CanESM5.ssp245.r2i1p1f1.gn",1,1,1,1,1
"328","CMIP6.ScenarioMIP.CCCma.CanESM5.ssp245.r2i1p2f1.gn",1,1,1,1,1
"329","CMIP6.ScenarioMIP.CCCma.CanESM5.ssp245.r3i1p1f1.gn",1,1,1,1,1
"330","CMIP6.ScenarioMIP.CCCma.CanESM5.ssp245.r3i1p2f1.gn",1,1,1,1,1
"331","CMIP6.ScenarioMIP.CCCma.CanESM5.ssp245.r4i1p1f1.gn",1,1,1,1,1
"332","CMIP6.ScenarioMIP.CCCma.CanESM5.ssp245.r4i1p2f1.gn",1,1,1,1,1
"333","CMIP6.ScenarioMIP.CCCma.CanESM5.ssp245.r5i1p1f1.gn",1,1,1,1,1
"334","CMIP6.ScenarioMIP.CCCma.CanESM5.ssp245.r5i1p2f1.gn",1,1,1,1,1
"335","CMIP6.ScenarioMIP.CCCma.CanESM5.ssp245.r6i1p1f1.gn",1,1,1,1,1
"336","CMIP6.ScenarioMIP.CCCma.CanESM5.ssp245.r6i1p2f1.gn",1,1,1,1,1
"337","CMIP6.ScenarioMIP.CCCma.CanESM5.ssp245.r7i1p1f1.gn",1,1,1,1,1
"338","CMIP6.ScenarioMIP.CCCma.CanESM5.ssp245.r7i1p2f1.gn",1,1,1,1,1
"339","CMIP6.ScenarioMIP.CCCma.CanESM5.ssp245.r8i1p1f1.gn",1,1,1,1,1
"340","CMIP6.ScenarioMIP.CCCma.CanESM5.ssp245.r8i1p2f1.gn",1,1,1,1,1
"341","CMIP6.ScenarioMIP.CCCma.CanESM5.ssp245.r9i1p1f1.gn",1,1,1,1,1
"342","CMIP6.ScenarioMIP.CCCma.CanESM5.ssp245.r9i1p2f1.gn",1,1,1,1,1
"343","CMIP6.ScenarioMIP.CCCma.CanESM5.ssp370.r10i1p1f1.gn",1,1,1,1,1
"344","CMIP6.ScenarioMIP.CCCma.CanESM5.ssp370.r10i1p2f1.gn",1,1,1,1,1
"345","CMIP6.ScenarioMIP.CCCma.CanESM5.ssp370.r11i1p1f1.gn",0,1,1,0,0
"346","CMIP6.ScenarioMIP.CCCma.CanESM5.ssp370.r11i1p2f1.gn",1,1,1,0,0
"347","CMIP6.ScenarioMIP.CCCma.CanESM5.ssp370.r12i1p1f1.gn",1,1,1,1,0
"348","CMIP6.ScenarioMIP.CCCma.CanESM5.ssp370.r12i1p2f1.gn",1,1,1,1,1
"349","CMIP6.ScenarioMIP.CCCma.CanESM5.ssp370.r13i1p1f1.gn",1,1,1,0,1
"350","CMIP6.ScenarioMIP.CCCma.CanESM5.ssp370.r13i1p2f1.gn",1,1,0,0,1
"351","CMIP6.ScenarioMIP.CCCma.CanESM5.ssp370.r14i1p1f1.gn",1,1,0,0,1
"352","CMIP6.ScenarioMIP.CCCma.CanESM5.ssp370.r14i1p2f1.gn",0,1,1,1,0
"353","CMIP6.ScenarioMIP.CCCma.CanESM5.ssp370.r15i1p1f1.gn",1,1,1,1,0
"354","CMIP6.ScenarioMIP.CCCma.CanESM5.ssp370.r15i1p2f1.gn",0,1,1,0,0
"355","CMIP6.ScenarioMIP.CCCma.CanESM5.ssp370.r16i1p1f1.gn",0,1,1,1,0
"356","CMIP6.ScenarioMIP.CCCma.CanESM5.ssp370.r16i1p2f1.gn",0,1,1,1,1
"357","CMIP6.ScenarioMIP.CCCma.CanESM5.ssp370.r17i1p1f1.gn",0,1,1,0,1
"358","CMIP6.ScenarioMIP.CCCma.CanESM5.ssp370.r17i1p2f1.gn",0,1,1,1,0
"359","CMIP6.ScenarioMIP.CCCma.CanESM5.ssp370.r18i1p1f1.gn",0,1,1,1,1
"360","CMIP6.ScenarioMIP.CCCma.CanESM5.ssp370.r18i1p2f1.gn",1,1,0,1,0
"361","CMIP6.ScenarioMIP.CCCma.CanESM5.ssp370.r19i1p1f1.gn",0,1,1,0,1
"362","CMIP6.ScenarioMIP.CCCma.CanESM5.ssp370.r19i1p2f1.gn",0,1,1,1,0
"363","CMIP6.ScenarioMIP.CCCma.CanESM5.ssp370.r1i1p1f1.gn",1,1,1,1,1
"364","CMIP6.ScenarioMIP.CCCma.CanESM5.ssp370.r1i1p2f1.gn",1,1,1,1,1
"365","CMIP6.ScenarioMIP.CCCma.CanESM5.ssp370.r20i1p1f1.gn",1,1,1,1,0
"366","CMIP6.ScenarioMIP.CCCma.CanESM5.ssp370.r20i1p2f1.gn",1,1,0,0,1
"367","CMIP6.ScenarioMIP.CCCma.CanESM5.ssp370.r21i1p1f1.gn",1,1,1,0,0
"368","CMIP6.ScenarioMIP.CCCma.CanESM5.ssp370.r21i1p2f1.gn",1,1,0,0,0
"369","CMIP6.ScenarioMIP.CCCma.CanESM5.ssp370.r22i1p1f1.gn",1,1,1,1,1
"370","CMIP6.ScenarioMIP.CCCma.CanESM5.ssp370.r22i1p2f1.gn",1,1,1,1,1
"371","CMIP6.ScenarioMIP.CCCma.CanESM5.ssp370.r23i1p1f1.gn",1,1,0,1,0
"372","CMIP6.ScenarioMIP.CCCma.CanESM5.ssp370.r23i1p2f1.gn",1,1,0,1,1
"373","CMIP6.ScenarioMIP.CCCma.CanESM5.ssp370.r24i1p1f1.gn",0,1,1,1,1
"374","CMIP6.ScenarioMIP.CCCma.CanESM5.ssp370.r24i1p2f1.gn",0,1,0,1,1
"375","CMIP6.ScenarioMIP.CCCma.CanESM5.ssp370.r25i1p1f1.gn",1,1,1,1,1
"376","CMIP6.ScenarioMIP.CCCma.CanESM5.ssp370.r25i1p2f1.gn",1,1,0,0,1
"377","CMIP6.ScenarioMIP.CCCma.CanESM5.ssp370.r2i1p1f1.gn",1,1,1,1,1
"378","CMIP6.ScenarioMIP.CCCma.CanESM5.ssp370.r2i1p2f1.gn",1,1,1,1,1
"379","CMIP6.ScenarioMIP.CCCma.CanESM5.ssp370.r3i1p1f1.gn",1,1,1,1,1
"380","CMIP6.ScenarioMIP.CCCma.CanESM5.ssp370.r3i1p2f1.gn",1,1,1,1,1
"381","CMIP6.ScenarioMIP.CCCma.CanESM5.ssp370.r4i1p1f1.gn",1,1,1,1,1
"382","CMIP6.ScenarioMIP.CCCma.CanESM5.ssp370.r4i1p2f1.gn",1,1,1,1,1
"383","CMIP6.ScenarioMIP.CCCma.CanESM5.ssp370.r5i1p1f1.gn",1,1,1,1,1
"384","CMIP6.ScenarioMIP.CCCma.CanESM5.ssp370.r5i1p2f1.gn",1,1,1,1,1
"385","CMIP6.ScenarioMIP.CCCma.CanESM5.ssp370.r6i1p1f1.gn",1,1,1,1,1
"386","CMIP6.ScenarioMIP.CCCma.CanESM5.ssp370.r6i1p2f1.gn",1,1,1,1,1
"387","CMIP6.ScenarioMIP.CCCma.CanESM5.ssp370.r7i1p1f1.gn",1,1,1,1,1
"388","CMIP6.ScenarioMIP.CCCma.CanESM5.ssp370.r7i1p2f1.gn",1,1,1,1,1
"389","CMIP6.ScenarioMIP.CCCma.CanESM5.ssp370.r8i1p1f1.gn",1,1,1,1,1
"390","CMIP6.ScenarioMIP.CCCma.CanESM5.ssp370.r8i1p2f1.gn",1,1,1,1,1
"391","CMIP6.ScenarioMIP.CCCma.CanESM5.ssp370.r9i1p1f1.gn",1,1,1,1,1
"392","CMIP6.ScenarioMIP.CCCma.CanESM5.ssp370.r9i1p2f1.gn",1,1,1,1,1
"393","CMIP6.ScenarioMIP.CCCma.CanESM5.ssp460.r1i1p1f1.gn",1,1,1,1,1
"394","CMIP6.ScenarioMIP.CCCma.CanESM5.ssp460.r2i1p1f1.gn",1,1,1,1,1
"395","CMIP6.ScenarioMIP.CCCma.CanESM5.ssp460.r3i1p1f1.gn",1,1,1,1,1
"396","CMIP6.ScenarioMIP.CCCma.CanESM5.ssp460.r4i1p1f1.gn",1,1,1,1,1
"397","CMIP6.ScenarioMIP.CCCma.CanESM5.ssp460.r5i1p1f1.gn",1,1,1,1,1
"398","CMIP6.ScenarioMIP.CCCma.CanESM5.ssp585.r10i1p1f1.gn",1,1,1,1,1
"399","CMIP6.ScenarioMIP.CCCma.CanESM5.ssp585.r10i1p2f1.gn",1,1,1,1,1
"400","CMIP6.ScenarioMIP.CCCma.CanESM5.ssp585.r11i1p1f1.gn",1,1,0,1,1
"401","CMIP6.ScenarioMIP.CCCma.CanESM5.ssp585.r11i1p2f1.gn",1,1,1,1,1
"402","CMIP6.ScenarioMIP.CCCma.CanESM5.ssp585.r12i1p1f1.gn",1,1,0,1,1
"403","CMIP6.ScenarioMIP.CCCma.CanESM5.ssp585.r12i1p2f1.gn",1,1,0,1,1
"404","CMIP6.ScenarioMIP.CCCma.CanESM5.ssp585.r13i1p1f1.gn",1,1,1,1,0
"405","CMIP6.ScenarioMIP.CCCma.CanESM5.ssp585.r13i1p2f1.gn",1,1,1,0,1
"406","CMIP6.ScenarioMIP.CCCma.CanESM5.ssp585.r14i1p1f1.gn",1,1,0,1,0
"407","CMIP6.ScenarioMIP.CCCma.CanESM5.ssp585.r14i1p2f1.gn",1,1,1,1,0
"408","CMIP6.ScenarioMIP.CCCma.CanESM5.ssp585.r15i1p1f1.gn",1,1,1,1,0
"409","CMIP6.ScenarioMIP.CCCma.CanESM5.ssp585.r15i1p2f1.gn",1,1,0,1,1
"410","CMIP6.ScenarioMIP.CCCma.CanESM5.ssp585.r16i1p1f1.gn",1,1,1,1,0
"411","CMIP6.ScenarioMIP.CCCma.CanESM5.ssp585.r16i1p2f1.gn",1,1,0,1,1
"412","CMIP6.ScenarioMIP.CCCma.CanESM5.ssp585.r17i1p1f1.gn",1,1,1,0,0
"413","CMIP6.ScenarioMIP.CCCma.CanESM5.ssp585.r17i1p2f1.gn",1,1,0,0,0
"414","CMIP6.ScenarioMIP.CCCma.CanESM5.ssp585.r18i1p1f1.gn",1,1,1,1,1
"415","CMIP6.ScenarioMIP.CCCma.CanESM5.ssp585.r18i1p2f1.gn",1,1,0,0,1
"416","CMIP6.ScenarioMIP.CCCma.CanESM5.ssp585.r19i1p1f1.gn",0,1,1,1,1
"417","CMIP6.ScenarioMIP.CCCma.CanESM5.ssp585.r19i1p2f1.gn",1,1,1,1,0
"418","CMIP6.ScenarioMIP.CCCma.CanESM5.ssp585.r1i1p1f1.gn",1,1,1,1,1
"419","CMIP6.ScenarioMIP.CCCma.CanESM5.ssp585.r1i1p2f1.gn",1,1,1,1,1
"420","CMIP6.ScenarioMIP.CCCma.CanESM5.ssp585.r20i1p1f1.gn",1,1,1,1,1
"421","CMIP6.ScenarioMIP.CCCma.CanESM5.ssp585.r20i1p2f1.gn",1,1,1,0,1
"422","CMIP6.ScenarioMIP.CCCma.CanESM5.ssp585.r21i1p1f1.gn",0,1,1,0,1
"423","CMIP6.ScenarioMIP.CCCma.CanESM5.ssp585.r21i1p2f1.gn",1,1,0,1,1
"424","CMIP6.ScenarioMIP.CCCma.CanESM5.ssp585.r22i1p1f1.gn",1,1,1,1,1
"425","CMIP6.ScenarioMIP.CCCma.CanESM5.ssp585.r22i1p2f1.gn",1,1,0,0,1
"426","CMIP6.ScenarioMIP.CCCma.CanESM5.ssp585.r23i1p1f1.gn",1,1,1,0,0
"427","CMIP6.ScenarioMIP.CCCma.CanESM5.ssp585.r23i1p2f1.gn",0,1,0,0,1
"428","CMIP6.ScenarioMIP.CCCma.CanESM5.ssp585.r24i1p1f1.gn",0,1,1,1,1
"429","CMIP6.ScenarioMIP.CCCma.CanESM5.ssp585.r24i1p2f1.gn",0,1,0,1,1
"430","CMIP6.ScenarioMIP.CCCma.CanESM5.ssp585.r25i1p1f1.gn",1,1,1,1,0
"431","CMIP6.ScenarioMIP.CCCma.CanESM5.ssp585.r25i1p2f1.gn",0,1,1,1,1
"432","CMIP6.ScenarioMIP.CCCma.CanESM5.ssp585.r2i1p1f1.gn",1,1,1,1,1
"433","CMIP6.ScenarioMIP.CCCma.CanESM5.ssp585.r2i1p2f1.gn",1,1,1,1,1
"434","CMIP6.ScenarioMIP.CCCma.CanESM5.ssp585.r3i1p1f1.gn",1,1,1,1,1
"435","CMIP6.ScenarioMIP.CCCma.CanESM5.ssp585.r3i1p2f1.gn",1,1,1,1,1
"436","CMIP6.ScenarioMIP.CCCma.CanESM5.ssp585.r4i1p1f1.gn",1,1,1,1,1
"437","CMIP6.ScenarioMIP.CCCma.CanESM5.ssp585.r4i1p2f1.gn",1,1,1,1,1
"438","CMIP6.ScenarioMIP.CCCma.CanESM5.ssp585.r5i1p1f1.gn",1,1,1,1,1
"439","CMIP6.ScenarioMIP.CCCma.CanESM5.ssp585.r5i1p2f1.gn",1,1,1,1,1
"440","CMIP6.ScenarioMIP.CCCma.CanESM5.ssp585.r6i1p1f1.gn",1,1,1,1,1
"441","CMIP6.ScenarioMIP.CCCma.CanESM5.ssp585.r6i1p2f1.gn",1,1,1,1,1
"442","CMIP6.ScenarioMIP.CCCma.CanESM5.ssp585.r7i1p1f1.gn",1,1,1,1,1
"443","CMIP6.ScenarioMIP.CCCma.CanESM5.ssp585.r7i1p2f1.gn",1,1,1,1,1
"444","CMIP6.ScenarioMIP.CCCma.CanESM5.ssp585.r8i1p1f1.gn",1,1,1,1,1
"445","CMIP6.ScenarioMIP.CCCma.CanESM5.ssp585.r8i1p2f1.gn",1,1,1,1,1
"446","CMIP6.ScenarioMIP.CCCma.CanESM5.ssp585.r9i1p1f1.gn",1,1,1,1,1
"447","CMIP6.ScenarioMIP.CCCma.CanESM5.ssp585.r9i1p2f1.gn",1,1,1,1,1
"448","CMIP6.ScenarioMIP.CNRM-CERFACS.CNRM-CM6-1.ssp126.r1i1p1f2.gr",1,NA,1,1,1
"449","CMIP6.ScenarioMIP.CNRM-CERFACS.CNRM-CM6-1.ssp126.r2i1p1f2.gr",NA,NA,1,NA,NA
"450","CMIP6.ScenarioMIP.CNRM-CERFACS.CNRM-CM6-1.ssp126.r3i1p1f2.gr",NA,NA,1,NA,NA
"451","CMIP6.ScenarioMIP.CNRM-CERFACS.CNRM-CM6-1.ssp126.r4i1p1f2.gr",NA,NA,1,NA,NA
"452","CMIP6.ScenarioMIP.CNRM-CERFACS.CNRM-CM6-1.ssp126.r5i1p1f2.gr",NA,NA,1,NA,NA
"453","CMIP6.ScenarioMIP.CNRM-CERFACS.CNRM-CM6-1.ssp126.r6i1p1f2.gr",NA,NA,1,NA,NA
"454","CMIP6.ScenarioMIP.CNRM-CERFACS.CNRM-CM6-1.ssp245.r1i1p1f2.gr",1,NA,1,1,1
"455","CMIP6.ScenarioMIP.CNRM-CERFACS.CNRM-CM6-1.ssp245.r2i1p1f2.gr",NA,NA,1,NA,NA
"456","CMIP6.ScenarioMIP.CNRM-CERFACS.CNRM-CM6-1.ssp245.r3i1p1f2.gr",NA,NA,1,NA,NA
"457","CMIP6.ScenarioMIP.CNRM-CERFACS.CNRM-CM6-1.ssp245.r4i1p1f2.gr",NA,NA,1,NA,NA
"458","CMIP6.ScenarioMIP.CNRM-CERFACS.CNRM-CM6-1.ssp245.r5i1p1f2.gr",NA,NA,1,NA,NA
"459","CMIP6.ScenarioMIP.CNRM-CERFACS.CNRM-CM6-1.ssp245.r6i1p1f2.gr",NA,NA,1,NA,NA
"460","CMIP6.ScenarioMIP.CNRM-CERFACS.CNRM-CM6-1.ssp370.r1i1p1f2.gr",1,1,1,1,1
"461","CMIP6.ScenarioMIP.CNRM-CERFACS.CNRM-CM6-1.ssp370.r2i1p1f2.gr",1,1,1,1,1
"462","CMIP6.ScenarioMIP.CNRM-CERFACS.CNRM-CM6-1.ssp370.r3i1p1f2.gr",1,1,1,1,1
"463","CMIP6.ScenarioMIP.CNRM-CERFACS.CNRM-CM6-1.ssp370.r4i1p1f2.gr",NA,NA,1,NA,NA
"464","CMIP6.ScenarioMIP.CNRM-CERFACS.CNRM-CM6-1.ssp370.r5i1p1f2.gr",NA,NA,1,NA,NA
"465","CMIP6.ScenarioMIP.CNRM-CERFACS.CNRM-CM6-1.ssp370.r6i1p1f2.gr",NA,NA,1,NA,NA
"466","CMIP6.ScenarioMIP.CNRM-CERFACS.CNRM-CM6-1.ssp585.r1i1p1f2.gr",1,NA,1,1,1
"467","CMIP6.ScenarioMIP.CNRM-CERFACS.CNRM-CM6-1.ssp585.r2i1p1f2.gr",NA,NA,1,NA,NA
"468","CMIP6.ScenarioMIP.CNRM-CERFACS.CNRM-CM6-1.ssp585.r3i1p1f2.gr",NA,NA,1,NA,NA
"469","CMIP6.ScenarioMIP.CNRM-CERFACS.CNRM-CM6-1.ssp585.r4i1p1f2.gr",NA,NA,1,NA,NA
"470","CMIP6.ScenarioMIP.CNRM-CERFACS.CNRM-CM6-1.ssp585.r5i1p1f2.gr",NA,NA,1,NA,NA
"471","CMIP6.ScenarioMIP.CNRM-CERFACS.CNRM-CM6-1.ssp585.r6i1p1f2.gr",NA,NA,1,NA,NA
"472","CMIP6.ScenarioMIP.CNRM-CERFACS.CNRM-ESM2-1.ssp126.r1i1p1f2.gr",1,NA,1,1,1
"473","CMIP6.ScenarioMIP.CNRM-CERFACS.CNRM-ESM2-1.ssp126.r4i1p1f2.gr",0,0,1,0,0
"474","CMIP6.ScenarioMIP.CNRM-CERFACS.CNRM-ESM2-1.ssp126.r5i1p1f2.gr",NA,NA,1,NA,NA
"475","CMIP6.ScenarioMIP.CNRM-CERFACS.CNRM-ESM2-1.ssp245.r1i1p1f2.gr",1,NA,1,1,1
"476","CMIP6.ScenarioMIP.CNRM-CERFACS.CNRM-ESM2-1.ssp245.r4i1p1f2.gr",NA,NA,1,NA,NA
"477","CMIP6.ScenarioMIP.CNRM-CERFACS.CNRM-ESM2-1.ssp245.r5i1p1f2.gr",NA,NA,1,NA,NA
"478","CMIP6.ScenarioMIP.CNRM-CERFACS.CNRM-ESM2-1.ssp370.r2i1p1f2.gr",1,1,1,1,1
"479","CMIP6.ScenarioMIP.CNRM-CERFACS.CNRM-ESM2-1.ssp370.r3i1p1f2.gr",1,1,1,1,1
"480","CMIP6.ScenarioMIP.CNRM-CERFACS.CNRM-ESM2-1.ssp370.r4i1p1f2.gr",NA,NA,1,NA,NA
"481","CMIP6.ScenarioMIP.CNRM-CERFACS.CNRM-ESM2-1.ssp370.r5i1p1f2.gr",NA,NA,1,NA,NA
"482","CMIP6.ScenarioMIP.CNRM-CERFACS.CNRM-ESM2-1.ssp460.r1i1p1f2.gr",1,NA,1,1,1
"483","CMIP6.ScenarioMIP.CNRM-CERFACS.CNRM-ESM2-1.ssp460.r4i1p1f2.gr",NA,NA,1,NA,NA
"484","CMIP6.ScenarioMIP.CNRM-CERFACS.CNRM-ESM2-1.ssp460.r5i1p1f2.gr",NA,NA,1,NA,NA
"485","CMIP6.ScenarioMIP.CNRM-CERFACS.CNRM-ESM2-1.ssp585.r4i1p1f2.gr",NA,NA,1,NA,NA
"486","CMIP6.ScenarioMIP.CNRM-CERFACS.CNRM-ESM2-1.ssp585.r5i1p1f2.gr",NA,NA,1,NA,NA
"487","CMIP6.ScenarioMIP.DKRZ.MPI-ESM1-2-HR.ssp126.r1i1p1f1.gn",1,NA,1,1,1
"488","CMIP6.ScenarioMIP.DKRZ.MPI-ESM1-2-HR.ssp245.r1i1p1f1.gn",1,NA,1,1,1
"489","CMIP6.ScenarioMIP.DKRZ.MPI-ESM1-2-HR.ssp370.r10i1p1f1.gn",1,NA,1,1,1
"490","CMIP6.ScenarioMIP.DKRZ.MPI-ESM1-2-HR.ssp370.r1i1p1f1.gn",1,NA,1,1,1
"491","CMIP6.ScenarioMIP.DKRZ.MPI-ESM1-2-HR.ssp370.r2i1p1f1.gn",1,NA,1,1,1
"492","CMIP6.ScenarioMIP.DKRZ.MPI-ESM1-2-HR.ssp370.r3i1p1f1.gn",1,NA,1,1,1
"493","CMIP6.ScenarioMIP.DKRZ.MPI-ESM1-2-HR.ssp370.r4i1p1f1.gn",1,NA,1,1,1
"494","CMIP6.ScenarioMIP.DKRZ.MPI-ESM1-2-HR.ssp370.r5i1p1f1.gn",1,NA,1,1,1
"495","CMIP6.ScenarioMIP.DKRZ.MPI-ESM1-2-HR.ssp370.r6i1p1f1.gn",1,NA,1,1,1
"496","CMIP6.ScenarioMIP.DKRZ.MPI-ESM1-2-HR.ssp370.r7i1p1f1.gn",1,NA,1,1,1
"497","CMIP6.ScenarioMIP.DKRZ.MPI-ESM1-2-HR.ssp370.r8i1p1f1.gn",1,NA,1,1,1
"498","CMIP6.ScenarioMIP.DKRZ.MPI-ESM1-2-HR.ssp370.r9i1p1f1.gn",1,NA,1,1,1
"499","CMIP6.ScenarioMIP.DKRZ.MPI-ESM1-2-HR.ssp585.r1i1p1f1.gn",1,NA,1,1,1
"500","CMIP6.ScenarioMIP.EC-Earth-Consortium.EC-Earth3-Veg.ssp126.r1i1p1f1.gr",1,1,1,1,1
"501","CMIP6.ScenarioMIP.EC-Earth-Consortium.EC-Earth3-Veg.ssp126.r2i1p1f1.gr",1,1,1,1,1
"502","CMIP6.ScenarioMIP.EC-Earth-Consortium.EC-Earth3-Veg.ssp126.r4i1p1f1.gr",1,NA,1,1,1
"503","CMIP6.ScenarioMIP.EC-Earth-Consortium.EC-Earth3-Veg.ssp245.r1i1p1f1.gr",1,1,1,1,1
"504","CMIP6.ScenarioMIP.EC-Earth-Consortium.EC-Earth3-Veg.ssp245.r2i1p1f1.gr",1,1,1,1,1
"505","CMIP6.ScenarioMIP.EC-Earth-Consortium.EC-Earth3-Veg.ssp245.r4i1p1f1.gr",1,NA,1,1,1
"506","CMIP6.ScenarioMIP.EC-Earth-Consortium.EC-Earth3-Veg.ssp370.r1i1p1f1.gr",1,1,1,1,1
"507","CMIP6.ScenarioMIP.EC-Earth-Consortium.EC-Earth3-Veg.ssp370.r2i1p1f1.gr",1,1,1,1,1
"508","CMIP6.ScenarioMIP.EC-Earth-Consortium.EC-Earth3-Veg.ssp370.r4i1p1f1.gr",1,NA,1,1,1
"509","CMIP6.ScenarioMIP.EC-Earth-Consortium.EC-Earth3-Veg.ssp585.r1i1p1f1.gr",1,1,1,1,1
"510","CMIP6.ScenarioMIP.EC-Earth-Consortium.EC-Earth3-Veg.ssp585.r2i1p1f1.gr",1,1,1,1,1
"511","CMIP6.ScenarioMIP.EC-Earth-Consortium.EC-Earth3-Veg.ssp585.r4i1p1f1.gr",1,NA,1,1,1
"512","CMIP6.ScenarioMIP.EC-Earth-Consortium.EC-Earth3.ssp126.r11i1p1f1.gr",1,NA,1,1,1
"513","CMIP6.ScenarioMIP.EC-Earth-Consortium.EC-Earth3.ssp126.r13i1p1f1.gr",1,NA,1,1,1
"514","CMIP6.ScenarioMIP.EC-Earth-Consortium.EC-Earth3.ssp126.r15i1p1f1.gr",1,NA,1,1,1
"515","CMIP6.ScenarioMIP.EC-Earth-Consortium.EC-Earth3.ssp126.r1i1p1f1.gr",1,1,1,1,1
"516","CMIP6.ScenarioMIP.EC-Earth-Consortium.EC-Earth3.ssp126.r4i1p1f1.gr",1,0,1,1,1
"517","CMIP6.ScenarioMIP.EC-Earth-Consortium.EC-Earth3.ssp126.r6i1p1f1.gr",1,NA,1,1,1
"518","CMIP6.ScenarioMIP.EC-Earth-Consortium.EC-Earth3.ssp126.r9i1p1f1.gr",1,NA,1,1,1
"519","CMIP6.ScenarioMIP.EC-Earth-Consortium.EC-Earth3.ssp245.r11i1p1f1.gr",1,NA,1,1,1
"520","CMIP6.ScenarioMIP.EC-Earth-Consortium.EC-Earth3.ssp245.r13i1p1f1.gr",1,NA,1,1,1
"521","CMIP6.ScenarioMIP.EC-Earth-Consortium.EC-Earth3.ssp245.r15i1p1f1.gr",1,0,1,1,1
"522","CMIP6.ScenarioMIP.EC-Earth-Consortium.EC-Earth3.ssp245.r1i1p1f1.gr",0,1,0,0,0
"523","CMIP6.ScenarioMIP.EC-Earth-Consortium.EC-Earth3.ssp245.r4i1p1f1.gr",1,0,1,1,1
"524","CMIP6.ScenarioMIP.EC-Earth-Consortium.EC-Earth3.ssp245.r6i1p1f1.gr",1,NA,1,1,1
"525","CMIP6.ScenarioMIP.EC-Earth-Consortium.EC-Earth3.ssp245.r9i1p1f1.gr",1,NA,1,1,1
"526","CMIP6.ScenarioMIP.EC-Earth-Consortium.EC-Earth3.ssp370.r11i1p1f1.gr",1,NA,1,1,1
"527","CMIP6.ScenarioMIP.EC-Earth-Consortium.EC-Earth3.ssp370.r13i1p1f1.gr",1,NA,1,1,1
"528","CMIP6.ScenarioMIP.EC-Earth-Consortium.EC-Earth3.ssp370.r15i1p1f1.gr",1,NA,1,1,1
"529","CMIP6.ScenarioMIP.EC-Earth-Consortium.EC-Earth3.ssp370.r1i1p1f1.gr",0,1,0,0,0
"530","CMIP6.ScenarioMIP.EC-Earth-Consortium.EC-Earth3.ssp370.r4i1p1f1.gr",1,0,1,1,1
"531","CMIP6.ScenarioMIP.EC-Earth-Consortium.EC-Earth3.ssp370.r6i1p1f1.gr",1,NA,1,1,1
"532","CMIP6.ScenarioMIP.EC-Earth-Consortium.EC-Earth3.ssp370.r9i1p1f1.gr",1,NA,1,1,1
"533","CMIP6.ScenarioMIP.EC-Earth-Consortium.EC-Earth3.ssp585.r11i1p1f1.gr",1,NA,1,1,1
"534","CMIP6.ScenarioMIP.EC-Earth-Consortium.EC-Earth3.ssp585.r13i1p1f1.gr",1,NA,1,1,1
"535","CMIP6.ScenarioMIP.EC-Earth-Consortium.EC-Earth3.ssp585.r15i1p1f1.gr",1,NA,1,1,1
"536","CMIP6.ScenarioMIP.EC-Earth-Consortium.EC-Earth3.ssp585.r1i1p1f1.gr",0,1,0,0,0
"537","CMIP6.ScenarioMIP.EC-Earth-Consortium.EC-Earth3.ssp585.r4i1p1f1.gr",1,0,1,1,1
"538","CMIP6.ScenarioMIP.EC-Earth-Consortium.EC-Earth3.ssp585.r6i1p1f1.gr",1,0,1,1,1
"539","CMIP6.ScenarioMIP.EC-Earth-Consortium.EC-Earth3.ssp585.r9i1p1f1.gr",1,NA,1,1,1
"540","CMIP6.ScenarioMIP.IPSL.IPSL-CM6A-LR.ssp126.r1i1p1f1.gr",0,0,1,1,0
"541","CMIP6.ScenarioMIP.IPSL.IPSL-CM6A-LR.ssp126.r2i1p1f1.gr",0,0,1,1,0
"542","CMIP6.ScenarioMIP.IPSL.IPSL-CM6A-LR.ssp126.r3i1p1f1.gr",0,0,1,1,0
"543","CMIP6.ScenarioMIP.IPSL.IPSL-CM6A-LR.ssp245.r1i1p1f1.gr",0,0,1,1,0
"544","CMIP6.ScenarioMIP.IPSL.IPSL-CM6A-LR.ssp245.r2i1p1f1.gr",0,0,1,1,0
"545","CMIP6.ScenarioMIP.IPSL.IPSL-CM6A-LR.ssp370.r10i1p1f1.gr",0,0,1,1,0
"546","CMIP6.ScenarioMIP.IPSL.IPSL-CM6A-LR.ssp370.r1i1p1f1.gr",0,0,1,1,0
"547","CMIP6.ScenarioMIP.IPSL.IPSL-CM6A-LR.ssp370.r2i1p1f1.gr",0,0,1,1,0
"548","CMIP6.ScenarioMIP.IPSL.IPSL-CM6A-LR.ssp370.r3i1p1f1.gr",0,0,1,1,0
"549","CMIP6.ScenarioMIP.IPSL.IPSL-CM6A-LR.ssp370.r4i1p1f1.gr",0,0,1,1,0
"550","CMIP6.ScenarioMIP.IPSL.IPSL-CM6A-LR.ssp370.r5i1p1f1.gr",0,0,1,1,0
"551","CMIP6.ScenarioMIP.IPSL.IPSL-CM6A-LR.ssp370.r6i1p1f1.gr",0,0,1,1,0
"552","CMIP6.ScenarioMIP.IPSL.IPSL-CM6A-LR.ssp370.r7i1p1f1.gr",0,0,1,1,0
"553","CMIP6.ScenarioMIP.IPSL.IPSL-CM6A-LR.ssp370.r8i1p1f1.gr",0,0,1,1,0
"554","CMIP6.ScenarioMIP.IPSL.IPSL-CM6A-LR.ssp370.r9i1p1f1.gr",0,0,1,1,0
"555","CMIP6.ScenarioMIP.IPSL.IPSL-CM6A-LR.ssp460.r1i1p1f2.gr",0,0,1,1,0
"556","CMIP6.ScenarioMIP.IPSL.IPSL-CM6A-LR.ssp585.r1i1p1f1.gr",0,0,1,1,0
"557","CMIP6.ScenarioMIP.MIROC.MIROC-ES2L.ssp126.r1i1p1f2.gn",0,1,0,0,0
"558","CMIP6.ScenarioMIP.MIROC.MIROC-ES2L.ssp245.r1i1p1f2.gn",0,1,0,0,0
"559","CMIP6.ScenarioMIP.MIROC.MIROC-ES2L.ssp370.r1i1p1f2.gn",0,1,0,0,0
"560","CMIP6.ScenarioMIP.MIROC.MIROC-ES2L.ssp585.r1i1p1f2.gn",0,1,0,0,0
"561","CMIP6.ScenarioMIP.MIROC.MIROC6.ssp126.r1i1p1f1.gn",0,1,0,0,0
"562","CMIP6.ScenarioMIP.MIROC.MIROC6.ssp126.r2i1p1f1.gn",0,1,0,0,0
"563","CMIP6.ScenarioMIP.MIROC.MIROC6.ssp126.r3i1p1f1.gn",0,1,0,0,0
"564","CMIP6.ScenarioMIP.MIROC.MIROC6.ssp245.r1i1p1f1.gn",0,1,0,0,0
"565","CMIP6.ScenarioMIP.MIROC.MIROC6.ssp245.r2i1p1f1.gn",0,1,0,0,0
"566","CMIP6.ScenarioMIP.MIROC.MIROC6.ssp245.r3i1p1f1.gn",0,1,0,0,0
"567","CMIP6.ScenarioMIP.MIROC.MIROC6.ssp370.r1i1p1f1.gn",0,1,0,0,0
"568","CMIP6.ScenarioMIP.MIROC.MIROC6.ssp370.r2i1p1f1.gn",0,1,0,0,0
"569","CMIP6.ScenarioMIP.MIROC.MIROC6.ssp370.r3i1p1f1.gn",0,1,0,0,0
"570","CMIP6.ScenarioMIP.MIROC.MIROC6.ssp460.r1i1p1f1.gn",0,1,0,0,0
"571","CMIP6.ScenarioMIP.MIROC.MIROC6.ssp585.r1i1p1f1.gn",0,1,0,0,0
"572","CMIP6.ScenarioMIP.MIROC.MIROC6.ssp585.r2i1p1f1.gn",0,1,0,0,0
"573","CMIP6.ScenarioMIP.MIROC.MIROC6.ssp585.r3i1p1f1.gn",0,1,0,0,0
"574","CMIP6.ScenarioMIP.MOHC.HadGEM3-GC31-LL.ssp245.r1i1p1f3.gn",1,NA,1,1,1
"575","CMIP6.ScenarioMIP.MOHC.HadGEM3-GC31-LL.ssp245.r2i1p1f3.gn",1,NA,1,1,1
"576","CMIP6.ScenarioMIP.MOHC.HadGEM3-GC31-LL.ssp245.r3i1p1f3.gn",1,NA,1,1,1
"577","CMIP6.ScenarioMIP.MOHC.HadGEM3-GC31-LL.ssp245.r4i1p1f3.gn",1,NA,1,1,1
"578","CMIP6.ScenarioMIP.MOHC.UKESM1-0-LL.ssp126.r1i1p1f2.gn",1,NA,1,1,1
"579","CMIP6.ScenarioMIP.MOHC.UKESM1-0-LL.ssp126.r2i1p1f2.gn",1,NA,1,1,1
"580","CMIP6.ScenarioMIP.MOHC.UKESM1-0-LL.ssp126.r3i1p1f2.gn",1,NA,NA,1,1
"581","CMIP6.ScenarioMIP.MOHC.UKESM1-0-LL.ssp126.r4i1p1f2.gn",1,NA,1,1,1
"582","CMIP6.ScenarioMIP.MOHC.UKESM1-0-LL.ssp126.r8i1p1f2.gn",1,NA,1,1,1
"583","CMIP6.ScenarioMIP.MOHC.UKESM1-0-LL.ssp245.r1i1p1f2.gn",1,NA,1,1,1
"584","CMIP6.ScenarioMIP.MOHC.UKESM1-0-LL.ssp245.r2i1p1f2.gn",1,NA,1,1,1
"585","CMIP6.ScenarioMIP.MOHC.UKESM1-0-LL.ssp245.r3i1p1f2.gn",1,NA,1,1,1
"586","CMIP6.ScenarioMIP.MOHC.UKESM1-0-LL.ssp245.r4i1p1f2.gn",1,NA,1,1,1
"587","CMIP6.ScenarioMIP.MOHC.UKESM1-0-LL.ssp245.r8i1p1f2.gn",1,NA,1,1,1
"588","CMIP6.ScenarioMIP.MOHC.UKESM1-0-LL.ssp370.r1i1p1f2.gn",1,NA,1,1,1
"589","CMIP6.ScenarioMIP.MOHC.UKESM1-0-LL.ssp370.r2i1p1f2.gn",1,NA,1,1,1
"590","CMIP6.ScenarioMIP.MOHC.UKESM1-0-LL.ssp370.r3i1p1f2.gn",1,NA,1,1,1
"591","CMIP6.ScenarioMIP.MOHC.UKESM1-0-LL.ssp370.r4i1p1f2.gn",1,NA,1,1,1
"592","CMIP6.ScenarioMIP.MOHC.UKESM1-0-LL.ssp370.r8i1p1f2.gn",1,NA,1,1,1
"593","CMIP6.ScenarioMIP.MOHC.UKESM1-0-LL.ssp585.r1i1p1f2.gn",1,NA,1,1,1
"594","CMIP6.ScenarioMIP.MOHC.UKESM1-0-LL.ssp585.r2i1p1f2.gn",1,NA,1,1,1
"595","CMIP6.ScenarioMIP.MOHC.UKESM1-0-LL.ssp585.r3i1p1f2.gn",1,NA,1,1,1
"596","CMIP6.ScenarioMIP.MOHC.UKESM1-0-LL.ssp585.r8i1p1f2.gn",1,NA,1,1,1
"597","CMIP6.ScenarioMIP.MRI.MRI-ESM2-0.ssp126.r1i1p1f1.gn",1,1,1,1,1
"598","CMIP6.ScenarioMIP.MRI.MRI-ESM2-0.ssp245.r1i1p1f1.gn",1,1,1,1,1
"599","CMIP6.ScenarioMIP.MRI.MRI-ESM2-0.ssp245.r2i1p1f1.gn",1,1,1,1,1
"600","CMIP6.ScenarioMIP.MRI.MRI-ESM2-0.ssp245.r3i1p1f1.gn",1,1,1,1,1
"601","CMIP6.ScenarioMIP.MRI.MRI-ESM2-0.ssp245.r4i1p1f1.gn",1,1,1,1,1
"602","CMIP6.ScenarioMIP.MRI.MRI-ESM2-0.ssp245.r5i1p1f1.gn",1,1,1,1,1
"603","CMIP6.ScenarioMIP.MRI.MRI-ESM2-0.ssp370.r1i1p1f1.gn",1,1,1,1,1
"604","CMIP6.ScenarioMIP.MRI.MRI-ESM2-0.ssp370.r2i1p1f1.gn",1,1,1,1,1
"605","CMIP6.ScenarioMIP.MRI.MRI-ESM2-0.ssp370.r3i1p1f1.gn",1,1,1,1,1
"606","CMIP6.ScenarioMIP.MRI.MRI-ESM2-0.ssp370.r4i1p1f1.gn",1,1,1,1,1
"607","CMIP6.ScenarioMIP.MRI.MRI-ESM2-0.ssp370.r5i1p1f1.gn",1,1,1,1,1
"608","CMIP6.ScenarioMIP.MRI.MRI-ESM2-0.ssp460.r1i1p1f1.gn",1,1,1,1,1
"609","CMIP6.ScenarioMIP.MRI.MRI-ESM2-0.ssp585.r1i1p1f1.gn",1,1,1,1,1
"610","CMIP6.ScenarioMIP.NCAR.CESM2-WACCM.ssp126.r1i1p1f1.gn",1,1,1,NA,NA
"611","CMIP6.ScenarioMIP.NCAR.CESM2-WACCM.ssp245.r1i1p1f1.gn",1,1,1,NA,NA
"612","CMIP6.ScenarioMIP.NCAR.CESM2-WACCM.ssp370.r1i1p1f1.gn",1,1,1,NA,NA
"613","CMIP6.ScenarioMIP.NCAR.CESM2-WACCM.ssp370.r2i1p1f1.gn",1,1,1,NA,NA
"614","CMIP6.ScenarioMIP.NCAR.CESM2-WACCM.ssp370.r3i1p1f1.gn",1,1,1,0,0
"615","CMIP6.ScenarioMIP.NCAR.CESM2-WACCM.ssp585.r1i1p1f1.gn",1,1,1,NA,NA
"616","CMIP6.ScenarioMIP.NCAR.CESM2.ssp126.r1i1p1f1.gn",1,1,1,1,1
"617","CMIP6.ScenarioMIP.NCAR.CESM2.ssp245.r1i1p1f1.gn",1,1,1,1,1
"618","CMIP6.ScenarioMIP.NCAR.CESM2.ssp370.r1i1p1f1.gn",1,1,1,1,1
"619","CMIP6.ScenarioMIP.NCAR.CESM2.ssp370.r2i1p1f1.gn",1,1,1,1,1
"620","CMIP6.ScenarioMIP.NCAR.CESM2.ssp585.r1i1p1f1.gn",1,1,1,1,1
"621","CMIP6.ScenarioMIP.NCAR.CESM2.ssp585.r2i1p1f1.gn",1,1,1,1,1
"622","CMIP6.ScenarioMIP.NOAA-GFDL.GFDL-CM4.ssp245.r1i1p1f1.gr1",1,1,1,1,1
"623","CMIP6.ScenarioMIP.NOAA-GFDL.GFDL-CM4.ssp245.r1i1p1f1.gr2",1,1,1,1,1
"624","CMIP6.ScenarioMIP.NOAA-GFDL.GFDL-CM4.ssp585.r1i1p1f1.gr1",1,1,1,1,1
"625","CMIP6.ScenarioMIP.NOAA-GFDL.GFDL-CM4.ssp585.r1i1p1f1.gr2",1,1,1,1,1
"626","CMIP6.ScenarioMIP.NOAA-GFDL.GFDL-ESM4.ssp126.r1i1p1f1.gr1",1,NA,1,1,1
"627","CMIP6.ScenarioMIP.NOAA-GFDL.GFDL-ESM4.ssp245.r1i1p1f1.gr1",1,NA,1,1,1
"628","CMIP6.ScenarioMIP.NOAA-GFDL.GFDL-ESM4.ssp370.r1i1p1f1.gr1",1,1,1,1,1
"629","CMIP6.ScenarioMIP.NOAA-GFDL.GFDL-ESM4.ssp585.r1i1p1f1.gr1",NA,NA,1,NA,NA
"630","CMIP6.ScenarioMIP.NUIST.NESM3.ssp126.r1i1p1f1.gn",1,NA,1,1,1
"631","CMIP6.ScenarioMIP.NUIST.NESM3.ssp126.r2i1p1f1.gn",1,NA,1,1,1
"632","CMIP6.ScenarioMIP.NUIST.NESM3.ssp245.r1i1p1f1.gn",1,NA,1,1,1
"633","CMIP6.ScenarioMIP.NUIST.NESM3.ssp245.r2i1p1f1.gn",1,NA,1,1,1
"634","CMIP6.ScenarioMIP.NUIST.NESM3.ssp585.r1i1p1f1.gn",1,NA,1,1,1
"635","CMIP6.ScenarioMIP.NUIST.NESM3.ssp585.r2i1p1f1.gn",1,NA,1,1,1
