dataset,prsn,sfcWind,tos,ph,siconc
CMIP6_AS-RCEC_TaiESM1_historical_r1i1p1f1_Amon_gn,v20200623,v20200623,NA,NA,NA
CMIP6_AS-RCEC_TaiESM1_historical_r1i1p1f1_Omon_gn,NA,NA,v20200630,NA,NA
CMIP6_AS-RCEC_TaiESM1_historical_r1i1p1f1_SImon_gn,NA,NA,NA,NA,v20200630
CMIP6_AS-RCEC_TaiESM1_ssp585_r1i1p1f1_Amon_gn,v20200901,v20200901,NA,NA,NA
CMIP6_AWI_AWI-CM-1-1-MR_historical_r1i1p1f1_Amon_gn,v20200511,v20200511,NA,NA,NA
CMIP6_AWI_AWI-CM-1-1-MR_historical_r1i1p1f1_Omon_gn,NA,NA,v20181218,NA,NA
CMIP6_AWI_AWI-CM-1-1-MR_ssp126_r1i1p1f1_Amon_gn,v20190529,v20190529,NA,NA,NA
CMIP6_AWI_AWI-CM-1-1-MR_ssp126_r1i1p1f1_Omon_gn,NA,NA,v20181218,NA,NA
CMIP6_AWI_AWI-CM-1-1-MR_ssp245_r1i1p1f1_Amon_gn,v20190529,v20190529,NA,NA,NA
CMIP6_AWI_AWI-CM-1-1-MR_ssp245_r1i1p1f1_Omon_gn,NA,NA,v20181218,NA,NA
CMIP6_AWI_AWI-CM-1-1-MR_ssp370_r1i1p1f1_Amon_gn,v20190529,v20190529,NA,NA,NA
CMIP6_AWI_AWI-CM-1-1-MR_ssp370_r1i1p1f1_Omon_gn,NA,NA,v20181218,NA,NA
CMIP6_AWI_AWI-CM-1-1-MR_ssp585_r1i1p1f1_Amon_gn,v20190529,v20190529,NA,NA,NA
CMIP6_AWI_AWI-CM-1-1-MR_ssp585_r1i1p1f1_Omon_gn,NA,NA,v20181218,NA,NA
CMIP6_BCC_BCC-CSM2-MR_historical_r1i1p1f1_Amon_gn,v20181126,v20181126,NA,NA,NA
CMIP6_BCC_BCC-CSM2-MR_historical_r1i1p1f1_Omon_gn,NA,NA,v20181126,NA,NA
CMIP6_BCC_BCC-CSM2-MR_historical_r1i1p1f1_SImon_gn,NA,NA,NA,NA,v20200218
CMIP6_BCC_BCC-CSM2-MR_ssp126_r1i1p1f1_Amon_gn,v20190314,v20190314,NA,NA,NA
CMIP6_BCC_BCC-CSM2-MR_ssp126_r1i1p1f1_Omon_gn,NA,NA,v20190319,NA,NA
CMIP6_BCC_BCC-CSM2-MR_ssp126_r1i1p1f1_SImon_gn,NA,NA,NA,NA,v20200219
CMIP6_BCC_BCC-CSM2-MR_ssp245_r1i1p1f1_Amon_gn,v20190314,v20190314,NA,NA,NA
CMIP6_BCC_BCC-CSM2-MR_ssp245_r1i1p1f1_Omon_gn,NA,NA,v20190319,NA,NA
CMIP6_BCC_BCC-CSM2-MR_ssp245_r1i1p1f1_SImon_gn,NA,NA,NA,NA,v20200219
CMIP6_BCC_BCC-CSM2-MR_ssp370_r1i1p1f1_Amon_gn,v20190314,v20190314,NA,NA,NA
CMIP6_BCC_BCC-CSM2-MR_ssp370_r1i1p1f1_Omon_gn,NA,NA,v20190319,NA,NA
CMIP6_BCC_BCC-CSM2-MR_ssp370_r1i1p1f1_SImon_gn,NA,NA,NA,NA,v20200219
CMIP6_BCC_BCC-CSM2-MR_ssp585_r1i1p1f1_Amon_gn,v20190314,v20190314,NA,NA,NA
CMIP6_BCC_BCC-CSM2-MR_ssp585_r1i1p1f1_Omon_gn,NA,NA,v20190319,NA,NA
CMIP6_BCC_BCC-CSM2-MR_ssp585_r1i1p1f1_SImon_gn,NA,NA,NA,NA,v20200219
CMIP6_CAMS_CAMS-CSM1-0_historical_r2i1p1f1_Amon_gn,v20201125,v20190829,NA,NA,NA
CMIP6_CAMS_CAMS-CSM1-0_historical_r2i1p1f1_Omon_gn,NA,NA,v20190829,NA,NA
CMIP6_CAMS_CAMS-CSM1-0_historical_r2i1p1f1_SImon_gn,NA,NA,NA,NA,v20190829
CMIP6_CAMS_CAMS-CSM1-0_ssp126_r2i1p1f1_Amon_gn,NA,v20190924,NA,NA,NA
CMIP6_CAMS_CAMS-CSM1-0_ssp126_r2i1p1f1_Omon_gn,NA,NA,v20190924,NA,NA
CMIP6_CAMS_CAMS-CSM1-0_ssp126_r2i1p1f1_SImon_gn,NA,NA,NA,NA,v20190924
CMIP6_CAMS_CAMS-CSM1-0_ssp245_r2i1p1f1_Amon_gn,NA,v20190924,NA,NA,NA
CMIP6_CAMS_CAMS-CSM1-0_ssp245_r2i1p1f1_Omon_gn,NA,NA,v20190924,NA,NA
CMIP6_CAMS_CAMS-CSM1-0_ssp245_r2i1p1f1_SImon_gn,NA,NA,NA,NA,v20190924
CMIP6_CAMS_CAMS-CSM1-0_ssp370_r2i1p1f1_Amon_gn,NA,v20190924,NA,NA,NA
CMIP6_CAMS_CAMS-CSM1-0_ssp370_r2i1p1f1_Omon_gn,NA,NA,v20190924,NA,NA
CMIP6_CAMS_CAMS-CSM1-0_ssp370_r2i1p1f1_SImon_gn,NA,NA,NA,NA,v20190924
CMIP6_CAMS_CAMS-CSM1-0_ssp585_r2i1p1f1_Amon_gn,NA,v20190924,NA,NA,NA
CMIP6_CAMS_CAMS-CSM1-0_ssp585_r2i1p1f1_Omon_gn,NA,NA,v20190924,NA,NA
CMIP6_CAMS_CAMS-CSM1-0_ssp585_r2i1p1f1_SImon_gn,NA,NA,NA,NA,v20190924
CMIP6_CAS_FGOALS-g3_historical_r1i1p1f1_Amon_gn,v20190818,v20190818,NA,NA,NA
CMIP6_CAS_FGOALS-g3_historical_r1i1p1f1_Omon_gn,NA,NA,v20191107,NA,NA
CMIP6_CAS_FGOALS-g3_ssp126_r1i1p1f1_Amon_gn,v20200927,v20200927,NA,NA,NA
CMIP6_CAS_FGOALS-g3_ssp126_r1i1p1f1_Omon_gn,NA,NA,v20191229,NA,NA
CMIP6_CAS_FGOALS-g3_ssp126_r1i1p1f1_SImon_gn,NA,NA,NA,NA,v20191029
CMIP6_CAS_FGOALS-g3_ssp245_r1i1p1f1_Amon_gn,v20190818,v20190818,NA,NA,NA
CMIP6_CAS_FGOALS-g3_ssp245_r1i1p1f1_Omon_gn,NA,NA,v20191231,NA,NA
CMIP6_CAS_FGOALS-g3_ssp245_r1i1p1f1_SImon_gn,NA,NA,NA,NA,v20191029
CMIP6_CAS_FGOALS-g3_ssp370_r1i1p1f1_Amon_gn,v20190820,v20190820,NA,NA,NA
CMIP6_CAS_FGOALS-g3_ssp370_r1i1p1f1_Omon_gn,NA,NA,v20191231,NA,NA
CMIP6_CAS_FGOALS-g3_ssp370_r1i1p1f1_SImon_gn,NA,NA,NA,NA,v20191029
CMIP6_CAS_FGOALS-g3_ssp585_r1i1p1f1_Amon_gn,v20190818,v20190818,NA,NA,NA
CMIP6_CAS_FGOALS-g3_ssp585_r1i1p1f1_Omon_gn,NA,NA,v20191229,NA,NA
CMIP6_CAS_FGOALS-g3_ssp585_r1i1p1f1_SImon_gn,NA,NA,NA,NA,v20191029
CMIP6_CCCR-IITM_IITM-ESM_historical_r1i1p1f1_Amon_gn,v20191226,v20191226,NA,NA,NA
CMIP6_CCCR-IITM_IITM-ESM_historical_r1i1p1f1_Omon_gn,NA,NA,v20200915,NA,NA
CMIP6_CCCR-IITM_IITM-ESM_ssp126_r1i1p1f1_Amon_gn,"v20200915,v20201112","v20200915,v20201112",NA,NA,NA
CMIP6_CCCR-IITM_IITM-ESM_ssp126_r1i1p1f1_Omon_gn,NA,NA,v20201112,NA,NA
CMIP6_CCCR-IITM_IITM-ESM_ssp245_r1i1p1f1_Amon_gn,v20200915,v20200915,NA,NA,NA
CMIP6_CCCR-IITM_IITM-ESM_ssp245_r1i1p1f1_Omon_gn,NA,NA,v20200915,NA,NA
CMIP6_CCCR-IITM_IITM-ESM_ssp370_r1i1p1f1_Amon_gn,v20200915,v20200915,NA,NA,NA
CMIP6_CCCR-IITM_IITM-ESM_ssp370_r1i1p1f1_Omon_gn,NA,NA,v20200915,NA,NA
CMIP6_CCCR-IITM_IITM-ESM_ssp585_r1i1p1f1_Amon_gn,v20200915,v20200915,NA,NA,NA
CMIP6_CCCR-IITM_IITM-ESM_ssp585_r1i1p1f1_Omon_gn,NA,NA,v20200915,NA,NA
CMIP6_CCCma_CanESM5_historical_r1i1p1f1_Amon_gn,v20190429,v20190429,NA,NA,NA
CMIP6_CCCma_CanESM5_historical_r1i1p1f1_Omon_gn,NA,NA,v20190429,NA,NA
CMIP6_CCCma_CanESM5_historical_r1i1p1f1_SImon_gn,NA,NA,NA,NA,v20190429
CMIP6_CCCma_CanESM5_ssp126_r1i1p1f1_Amon_gn,v20190429,v20190429,NA,NA,NA
CMIP6_CCCma_CanESM5_ssp126_r1i1p1f1_Omon_gn,NA,NA,v20190429,NA,NA
CMIP6_CCCma_CanESM5_ssp126_r1i1p1f1_SImon_gn,NA,NA,NA,NA,v20190429
CMIP6_CCCma_CanESM5_ssp245_r1i1p1f1_Amon_gn,v20190429,v20190429,NA,NA,NA
CMIP6_CCCma_CanESM5_ssp245_r1i1p1f1_Omon_gn,NA,NA,v20190429,NA,NA
CMIP6_CCCma_CanESM5_ssp245_r1i1p1f1_SImon_gn,NA,NA,NA,NA,v20190429
CMIP6_CCCma_CanESM5_ssp370_r1i1p1f1_Amon_gn,v20190429,v20190429,NA,NA,NA
CMIP6_CCCma_CanESM5_ssp370_r1i1p1f1_Omon_gn,NA,NA,v20190429,NA,NA
CMIP6_CCCma_CanESM5_ssp370_r1i1p1f1_SImon_gn,NA,NA,NA,NA,v20190429
CMIP6_CCCma_CanESM5_ssp460_r1i1p1f1_Amon_gn,v20190429,v20190429,NA,NA,NA
CMIP6_CCCma_CanESM5_ssp585_r1i1p1f1_Amon_gn,v20190429,v20190429,NA,NA,NA
CMIP6_CCCma_CanESM5_ssp585_r1i1p1f1_Omon_gn,NA,NA,v20190429,NA,NA
CMIP6_CCCma_CanESM5_ssp585_r1i1p1f1_SImon_gn,NA,NA,NA,NA,v20190429
CMIP6_CMCC_CMCC-CM2-SR5_historical_r1i1p1f1_Amon_gn,v20200616,v20200616,NA,NA,NA
CMIP6_CMCC_CMCC-CM2-SR5_historical_r1i1p1f1_Omon_gn,NA,NA,v20200616,NA,NA
CMIP6_CMCC_CMCC-CM2-SR5_historical_r1i1p1f1_SImon_gn,NA,NA,NA,NA,v20200616
CMIP6_CMCC_CMCC-CM2-SR5_ssp126_r1i1p1f1_Amon_gn,v20200717,v20200717,NA,NA,NA
CMIP6_CMCC_CMCC-CM2-SR5_ssp126_r1i1p1f1_Omon_gn,NA,NA,v20200717,NA,NA
CMIP6_CMCC_CMCC-CM2-SR5_ssp126_r1i1p1f1_SImon_gn,NA,NA,NA,NA,v20200717
CMIP6_CMCC_CMCC-CM2-SR5_ssp245_r1i1p1f1_Amon_gn,v20200617,v20200617,NA,NA,NA
CMIP6_CMCC_CMCC-CM2-SR5_ssp245_r1i1p1f1_Omon_gn,NA,NA,v20200617,NA,NA
CMIP6_CMCC_CMCC-CM2-SR5_ssp245_r1i1p1f1_SImon_gn,NA,NA,NA,NA,v20200617
CMIP6_CMCC_CMCC-CM2-SR5_ssp370_r1i1p1f1_Amon_gn,v20200622,v20200622,NA,NA,NA
CMIP6_CMCC_CMCC-CM2-SR5_ssp370_r1i1p1f1_Omon_gn,NA,NA,v20200622,NA,NA
CMIP6_CMCC_CMCC-CM2-SR5_ssp370_r1i1p1f1_SImon_gn,NA,NA,NA,NA,v20200622
CMIP6_CMCC_CMCC-CM2-SR5_ssp585_r1i1p1f1_Amon_gn,v20200622,v20200622,NA,NA,NA
CMIP6_CMCC_CMCC-CM2-SR5_ssp585_r1i1p1f1_Omon_gn,NA,NA,v20200622,NA,NA
CMIP6_CMCC_CMCC-CM2-SR5_ssp585_r1i1p1f1_SImon_gn,NA,NA,NA,NA,v20200622
CMIP6_CNRM-CERFACS_CNRM-CM6-1-HR_historical_r1i1p1f2_Amon_gr,v20191021,v20191021,NA,NA,NA
CMIP6_CNRM-CERFACS_CNRM-CM6-1-HR_historical_r1i1p1f2_Omon_gn,NA,NA,v20191021,NA,NA
CMIP6_CNRM-CERFACS_CNRM-CM6-1-HR_historical_r1i1p1f2_SImon_gn,NA,NA,NA,NA,v20191021
CMIP6_CNRM-CERFACS_CNRM-CM6-1-HR_ssp126_r1i1p1f2_Amon_gr,v20200127,v20200127,NA,NA,NA
CMIP6_CNRM-CERFACS_CNRM-CM6-1-HR_ssp126_r1i1p1f2_Omon_gn,NA,NA,v20200127,NA,NA
CMIP6_CNRM-CERFACS_CNRM-CM6-1-HR_ssp126_r1i1p1f2_SImon_gn,NA,NA,NA,NA,v20200127
CMIP6_CNRM-CERFACS_CNRM-CM6-1-HR_ssp245_r1i1p1f2_Amon_gr,v20191202,v20191202,NA,NA,NA
CMIP6_CNRM-CERFACS_CNRM-CM6-1-HR_ssp245_r1i1p1f2_Omon_gn,NA,NA,v20191202,NA,NA
CMIP6_CNRM-CERFACS_CNRM-CM6-1-HR_ssp245_r1i1p1f2_SImon_gn,NA,NA,NA,NA,v20191202
CMIP6_CNRM-CERFACS_CNRM-CM6-1-HR_ssp370_r1i1p1f2_Amon_gr,v20200127,v20200127,NA,NA,NA
CMIP6_CNRM-CERFACS_CNRM-CM6-1-HR_ssp370_r1i1p1f2_Omon_gn,NA,NA,v20200127,NA,NA
CMIP6_CNRM-CERFACS_CNRM-CM6-1-HR_ssp370_r1i1p1f2_SImon_gn,NA,NA,NA,NA,v20200127
CMIP6_CNRM-CERFACS_CNRM-CM6-1-HR_ssp585_r1i1p1f2_Amon_gr,v20191202,v20191202,NA,NA,NA
CMIP6_CNRM-CERFACS_CNRM-CM6-1-HR_ssp585_r1i1p1f2_Omon_gn,NA,NA,v20191202,NA,NA
CMIP6_CNRM-CERFACS_CNRM-CM6-1-HR_ssp585_r1i1p1f2_SImon_gn,NA,NA,NA,NA,v20191202
CMIP6_CNRM-CERFACS_CNRM-CM6-1_historical_r1i1p1f2_Amon_gr,v20180917,v20180917,NA,NA,NA
CMIP6_CNRM-CERFACS_CNRM-CM6-1_historical_r1i1p1f2_Omon_gr1,NA,NA,v20180917,NA,NA
CMIP6_CNRM-CERFACS_CNRM-CM6-1_historical_r1i1p1f2_SImon_gn,NA,NA,NA,NA,v20180917
CMIP6_CNRM-CERFACS_CNRM-CM6-1_ssp126_r1i1p1f2_Amon_gr,v20190219,v20190219,NA,NA,NA
CMIP6_CNRM-CERFACS_CNRM-CM6-1_ssp126_r1i1p1f2_Omon_gr1,NA,NA,v20190219,NA,NA
CMIP6_CNRM-CERFACS_CNRM-CM6-1_ssp126_r1i1p1f2_SImon_gn,NA,NA,NA,NA,v20190219
CMIP6_CNRM-CERFACS_CNRM-CM6-1_ssp245_r1i1p1f2_Amon_gr,v20190219,v20190219,NA,NA,NA
CMIP6_CNRM-CERFACS_CNRM-CM6-1_ssp245_r1i1p1f2_Omon_gn,NA,NA,v20190219,NA,NA
CMIP6_CNRM-CERFACS_CNRM-CM6-1_ssp245_r1i1p1f2_SImon_gn,NA,NA,NA,NA,v20190219
CMIP6_CNRM-CERFACS_CNRM-CM6-1_ssp370_r1i1p1f2_Amon_gr,v20190219,v20190219,NA,NA,NA
CMIP6_CNRM-CERFACS_CNRM-CM6-1_ssp370_r1i1p1f2_Omon_gr1,NA,NA,v20190219,NA,NA
CMIP6_CNRM-CERFACS_CNRM-CM6-1_ssp370_r1i1p1f2_SImon_gn,NA,NA,NA,NA,v20190219
CMIP6_CNRM-CERFACS_CNRM-CM6-1_ssp585_r1i1p1f2_Amon_gr,v20190219,v20190219,NA,NA,NA
CMIP6_CNRM-CERFACS_CNRM-CM6-1_ssp585_r1i1p1f2_Omon_gr1,NA,NA,v20190219,NA,NA
CMIP6_CNRM-CERFACS_CNRM-CM6-1_ssp585_r1i1p1f2_SImon_gn,NA,NA,NA,NA,v20190219
CMIP6_CNRM-CERFACS_CNRM-ESM2-1_historical_r1i1p1f2_Amon_gr,v20181206,v20181206,NA,NA,NA
CMIP6_CNRM-CERFACS_CNRM-ESM2-1_historical_r1i1p1f2_Omon_gr1,NA,NA,v20181206,NA,NA
CMIP6_CNRM-CERFACS_CNRM-ESM2-1_historical_r1i1p1f2_SImon_gn,NA,NA,NA,NA,v20181206
CMIP6_CNRM-CERFACS_CNRM-ESM2-1_ssp126_r1i1p1f2_Amon_gr,v20190328,v20190328,NA,NA,NA
CMIP6_CNRM-CERFACS_CNRM-ESM2-1_ssp126_r1i1p1f2_Omon_gn,NA,NA,v20190328,v20190328,NA
CMIP6_CNRM-CERFACS_CNRM-ESM2-1_ssp245_r1i1p1f2_Amon_gr,v20190328,v20190328,NA,NA,NA
CMIP6_CNRM-CERFACS_CNRM-ESM2-1_ssp245_r1i1p1f2_Omon_gn,NA,NA,v20190328,v20190328,NA
CMIP6_CNRM-CERFACS_CNRM-ESM2-1_ssp245_r1i1p1f2_SImon_gn,NA,NA,NA,NA,v20190328
CMIP6_CNRM-CERFACS_CNRM-ESM2-1_ssp370_r1i1p1f2_Amon_gr,v20191021,v20191021,NA,NA,NA
CMIP6_CNRM-CERFACS_CNRM-ESM2-1_ssp370_r1i1p1f2_Omon_gn,NA,NA,v20191021,v20191021,NA
CMIP6_CNRM-CERFACS_CNRM-ESM2-1_ssp460_r1i1p1f2_Amon_gr,v20190328,v20190328,NA,NA,NA
CMIP6_CNRM-CERFACS_CNRM-ESM2-1_ssp585_r1i1p1f2_Amon_gr,v20191021,v20191021,NA,NA,NA
CMIP6_CNRM-CERFACS_CNRM-ESM2-1_ssp585_r1i1p1f2_Omon_gn,NA,NA,v20191021,v20191021,NA
CMIP6_CSIRO-ARCCSS_ACCESS-CM2_historical_r1i1p1f1_Amon_gn,v20191108,v20191108,NA,NA,NA
CMIP6_CSIRO-ARCCSS_ACCESS-CM2_historical_r1i1p1f1_Omon_gn,NA,NA,v20191108,NA,NA
CMIP6_CSIRO-ARCCSS_ACCESS-CM2_historical_r1i1p1f1_SImon_gn,NA,NA,NA,NA,v20200817
CMIP6_CSIRO-ARCCSS_ACCESS-CM2_ssp126_r1i1p1f1_Amon_gn,v20191108,v20191108,NA,NA,NA
CMIP6_CSIRO-ARCCSS_ACCESS-CM2_ssp126_r1i1p1f1_Omon_gn,NA,NA,v20191108,NA,NA
CMIP6_CSIRO-ARCCSS_ACCESS-CM2_ssp126_r1i1p1f1_SImon_gn,NA,NA,NA,NA,v20200817
CMIP6_CSIRO-ARCCSS_ACCESS-CM2_ssp245_r1i1p1f1_Amon_gn,v20191108,v20191108,NA,NA,NA
CMIP6_CSIRO-ARCCSS_ACCESS-CM2_ssp245_r1i1p1f1_Omon_gn,NA,NA,v20191108,NA,NA
CMIP6_CSIRO-ARCCSS_ACCESS-CM2_ssp245_r1i1p1f1_SImon_gn,NA,NA,NA,NA,v20200817
CMIP6_CSIRO-ARCCSS_ACCESS-CM2_ssp370_r1i1p1f1_Amon_gn,v20191108,v20191108,NA,NA,NA
CMIP6_CSIRO-ARCCSS_ACCESS-CM2_ssp370_r1i1p1f1_Omon_gn,NA,NA,v20191108,NA,NA
CMIP6_CSIRO-ARCCSS_ACCESS-CM2_ssp370_r1i1p1f1_SImon_gn,NA,NA,NA,NA,v20200817
CMIP6_CSIRO-ARCCSS_ACCESS-CM2_ssp585_r1i1p1f1_Amon_gn,v20191108,v20191108,NA,NA,NA
CMIP6_CSIRO-ARCCSS_ACCESS-CM2_ssp585_r1i1p1f1_Omon_gn,NA,NA,v20191108,NA,NA
CMIP6_CSIRO-ARCCSS_ACCESS-CM2_ssp585_r1i1p1f1_SImon_gn,NA,NA,NA,NA,v20200817
CMIP6_CSIRO_ACCESS-ESM1-5_historical_r1i1p1f1_Amon_gn,v20191115,v20191115,NA,NA,NA
CMIP6_CSIRO_ACCESS-ESM1-5_historical_r1i1p1f1_Omon_gn,NA,NA,v20191115,NA,NA
CMIP6_CSIRO_ACCESS-ESM1-5_historical_r1i1p1f1_SImon_gn,NA,NA,NA,NA,v20200817
CMIP6_CSIRO_ACCESS-ESM1-5_ssp126_r1i1p1f1_Amon_gn,v20191115,v20191115,NA,NA,NA
CMIP6_CSIRO_ACCESS-ESM1-5_ssp126_r1i1p1f1_Omon_gn,NA,NA,v20191115,NA,NA
CMIP6_CSIRO_ACCESS-ESM1-5_ssp126_r1i1p1f1_SImon_gn,NA,NA,NA,NA,v20200817
CMIP6_CSIRO_ACCESS-ESM1-5_ssp245_r1i1p1f1_Amon_gn,v20191115,v20191115,NA,NA,NA
CMIP6_CSIRO_ACCESS-ESM1-5_ssp245_r1i1p1f1_Omon_gn,NA,NA,v20191115,NA,NA
CMIP6_CSIRO_ACCESS-ESM1-5_ssp245_r1i1p1f1_SImon_gn,NA,NA,NA,NA,v20200817
CMIP6_CSIRO_ACCESS-ESM1-5_ssp370_r1i1p1f1_Amon_gn,v20191115,v20191115,NA,NA,NA
CMIP6_CSIRO_ACCESS-ESM1-5_ssp370_r1i1p1f1_Omon_gn,NA,NA,v20191115,NA,NA
CMIP6_CSIRO_ACCESS-ESM1-5_ssp370_r1i1p1f1_SImon_gn,NA,NA,NA,NA,v20200817
CMIP6_CSIRO_ACCESS-ESM1-5_ssp585_r1i1p1f1_Amon_gn,v20191115,v20191115,NA,NA,NA
CMIP6_CSIRO_ACCESS-ESM1-5_ssp585_r1i1p1f1_Omon_gn,NA,NA,v20191115,NA,NA
CMIP6_CSIRO_ACCESS-ESM1-5_ssp585_r1i1p1f1_SImon_gn,NA,NA,NA,NA,v20200817
CMIP6_DKRZ_MPI-ESM1-2-HR_ssp126_r1i1p1f1_Amon_gn,v20190710,v20190710,NA,NA,NA
CMIP6_DKRZ_MPI-ESM1-2-HR_ssp126_r1i1p1f1_Omon_gn,NA,NA,v20190710,v20190710,NA
CMIP6_DKRZ_MPI-ESM1-2-HR_ssp126_r1i1p1f1_SImon_gn,NA,NA,NA,NA,v20190710
CMIP6_DKRZ_MPI-ESM1-2-HR_ssp245_r1i1p1f1_Amon_gn,v20190710,v20190710,NA,NA,NA
CMIP6_DKRZ_MPI-ESM1-2-HR_ssp245_r1i1p1f1_Omon_gn,NA,NA,v20190710,v20190710,NA
CMIP6_DKRZ_MPI-ESM1-2-HR_ssp245_r1i1p1f1_SImon_gn,NA,NA,NA,NA,v20190710
CMIP6_DKRZ_MPI-ESM1-2-HR_ssp370_r1i1p1f1_Amon_gn,v20190710,v20190710,NA,NA,NA
CMIP6_DKRZ_MPI-ESM1-2-HR_ssp370_r1i1p1f1_Omon_gn,NA,NA,v20190710,v20190710,NA
CMIP6_DKRZ_MPI-ESM1-2-HR_ssp370_r1i1p1f1_SImon_gn,NA,NA,NA,NA,v20190710
CMIP6_DKRZ_MPI-ESM1-2-HR_ssp585_r1i1p1f1_Amon_gn,v20190710,v20190710,NA,NA,NA
CMIP6_DKRZ_MPI-ESM1-2-HR_ssp585_r1i1p1f1_Omon_gn,NA,NA,v20190710,v20190710,NA
CMIP6_DKRZ_MPI-ESM1-2-HR_ssp585_r1i1p1f1_SImon_gn,NA,NA,NA,NA,v20190710
CMIP6_EC-Earth-Consortium_EC-Earth3-AerChem_historical_r1i1p1f1_Amon_gr,v20200624,v20200624,NA,NA,NA
CMIP6_EC-Earth-Consortium_EC-Earth3-AerChem_ssp370_r1i1p1f1_Amon_gr,v20200827,v20200827,NA,NA,NA
CMIP6_EC-Earth-Consortium_EC-Earth3-Veg-LR_historical_r1i1p1f1_Amon_gr,v20200217,v20200217,NA,NA,NA
CMIP6_EC-Earth-Consortium_EC-Earth3-Veg-LR_historical_r1i1p1f1_Omon_gn,NA,NA,v20200919,NA,NA
CMIP6_EC-Earth-Consortium_EC-Earth3-Veg-LR_historical_r1i1p1f1_SImon_gn,NA,NA,NA,NA,v20200919
CMIP6_EC-Earth-Consortium_EC-Earth3-Veg-LR_ssp245_r1i1p1f1_Amon_gr,v20201123,v20201123,NA,NA,NA
CMIP6_EC-Earth-Consortium_EC-Earth3-Veg-LR_ssp245_r1i1p1f1_Omon_gn,NA,NA,v20201123,NA,NA
CMIP6_EC-Earth-Consortium_EC-Earth3-Veg-LR_ssp245_r1i1p1f1_SImon_gn,NA,NA,NA,NA,v20201123
CMIP6_EC-Earth-Consortium_EC-Earth3-Veg-LR_ssp370_r1i1p1f1_Amon_gr,v20201123,v20201123,NA,NA,NA
CMIP6_EC-Earth-Consortium_EC-Earth3-Veg-LR_ssp370_r1i1p1f1_Omon_gn,NA,NA,v20201123,NA,NA
CMIP6_EC-Earth-Consortium_EC-Earth3-Veg-LR_ssp370_r1i1p1f1_SImon_gn,NA,NA,NA,NA,v20201123
CMIP6_EC-Earth-Consortium_EC-Earth3-Veg_historical_r1i1p1f1_Amon_gr,v20200225,v20200225,NA,NA,NA
CMIP6_EC-Earth-Consortium_EC-Earth3-Veg_historical_r1i1p1f1_Omon_gn,NA,NA,v20200919,NA,NA
CMIP6_EC-Earth-Consortium_EC-Earth3-Veg_historical_r1i1p1f1_SImon_gn,NA,NA,NA,NA,v20200919
CMIP6_EC-Earth-Consortium_EC-Earth3-Veg_ssp126_r1i1p1f1_Amon_gr,v20200225,v20200225,NA,NA,NA
CMIP6_EC-Earth-Consortium_EC-Earth3-Veg_ssp126_r1i1p1f1_Omon_gn,NA,NA,v20200919,NA,NA
CMIP6_EC-Earth-Consortium_EC-Earth3-Veg_ssp126_r1i1p1f1_SImon_gn,NA,NA,NA,NA,v20200919
CMIP6_EC-Earth-Consortium_EC-Earth3-Veg_ssp245_r1i1p1f1_Amon_gr,v20200225,v20200225,NA,NA,NA
CMIP6_EC-Earth-Consortium_EC-Earth3-Veg_ssp245_r1i1p1f1_Omon_gn,NA,NA,v20200919,NA,NA
CMIP6_EC-Earth-Consortium_EC-Earth3-Veg_ssp245_r1i1p1f1_SImon_gn,NA,NA,NA,NA,v20200919
CMIP6_EC-Earth-Consortium_EC-Earth3-Veg_ssp370_r1i1p1f1_Amon_gr,v20200225,v20200225,NA,NA,NA
CMIP6_EC-Earth-Consortium_EC-Earth3-Veg_ssp370_r1i1p1f1_Omon_gn,NA,NA,v20200919,NA,NA
CMIP6_EC-Earth-Consortium_EC-Earth3-Veg_ssp370_r1i1p1f1_SImon_gn,NA,NA,NA,NA,v20200919
CMIP6_EC-Earth-Consortium_EC-Earth3-Veg_ssp585_r1i1p1f1_Amon_gr,v20200225,v20200225,NA,NA,NA
CMIP6_EC-Earth-Consortium_EC-Earth3-Veg_ssp585_r1i1p1f1_Omon_gn,NA,NA,v20200919,NA,NA
CMIP6_EC-Earth-Consortium_EC-Earth3-Veg_ssp585_r1i1p1f1_SImon_gn,NA,NA,NA,NA,v20200919
CMIP6_EC-Earth-Consortium_EC-Earth3_historical_r1i1p1f1_Amon_gr,v20200310,v20200310,NA,NA,NA
CMIP6_EC-Earth-Consortium_EC-Earth3_historical_r1i1p1f1_Omon_gn,NA,NA,v20200918,NA,NA
CMIP6_EC-Earth-Consortium_EC-Earth3_historical_r1i1p1f1_SImon_gn,NA,NA,NA,NA,v20200918
CMIP6_EC-Earth-Consortium_EC-Earth3_ssp126_r1i1p1f1_Amon_gr,v20200310,v20200310,NA,NA,NA
CMIP6_EC-Earth-Consortium_EC-Earth3_ssp126_r1i1p1f1_Omon_gn,NA,NA,v20200918,NA,NA
CMIP6_EC-Earth-Consortium_EC-Earth3_ssp126_r1i1p1f1_SImon_gn,NA,NA,NA,NA,v20200918
CMIP6_EC-Earth-Consortium_EC-Earth3_ssp245_r1i1p1f1_Amon_gr,v20200310,v20200310,NA,NA,NA
CMIP6_EC-Earth-Consortium_EC-Earth3_ssp245_r1i1p1f1_Omon_gn,NA,NA,v20200918,NA,NA
CMIP6_EC-Earth-Consortium_EC-Earth3_ssp245_r1i1p1f1_SImon_gn,NA,NA,NA,NA,v20200918
CMIP6_EC-Earth-Consortium_EC-Earth3_ssp370_r1i1p1f1_Amon_gr,v20200310,v20200310,NA,NA,NA
CMIP6_EC-Earth-Consortium_EC-Earth3_ssp370_r1i1p1f1_Omon_gn,NA,NA,v20200918,NA,NA
CMIP6_EC-Earth-Consortium_EC-Earth3_ssp370_r1i1p1f1_SImon_gn,NA,NA,NA,NA,v20200918
CMIP6_EC-Earth-Consortium_EC-Earth3_ssp585_r1i1p1f1_Amon_gr,v20200310,v20200310,NA,NA,NA
CMIP6_EC-Earth-Consortium_EC-Earth3_ssp585_r1i1p1f1_Omon_gn,NA,NA,v20200918,NA,NA
CMIP6_EC-Earth-Consortium_EC-Earth3_ssp585_r1i1p1f1_SImon_gn,NA,NA,NA,NA,v20200918
CMIP6_HAMMOZ-Consortium_MPI-ESM-1-2-HAM_historical_r1i1p1f1_Amon_gn,v20190627,v20190627,NA,NA,NA
CMIP6_HAMMOZ-Consortium_MPI-ESM-1-2-HAM_ssp370_r1i1p1f1_Amon_gn,v20190628,v20190628,NA,NA,NA
CMIP6_INM_INM-CM4-8_historical_r1i1p1f1_Amon_gr1,v20190530,v20190530,NA,NA,NA
CMIP6_INM_INM-CM4-8_historical_r1i1p1f1_Omon_gr1,NA,NA,v20190530,NA,NA
CMIP6_INM_INM-CM4-8_historical_r1i1p1f1_SImon_gr1,NA,NA,NA,NA,v20190530
CMIP6_INM_INM-CM4-8_ssp126_r1i1p1f1_Amon_gr1,v20190603,v20190603,NA,NA,NA
CMIP6_INM_INM-CM4-8_ssp126_r1i1p1f1_Omon_gr1,NA,NA,v20190603,NA,NA
CMIP6_INM_INM-CM4-8_ssp126_r1i1p1f1_SImon_gr1,NA,NA,NA,NA,v20190603
CMIP6_INM_INM-CM4-8_ssp245_r1i1p1f1_Amon_gr1,v20190603,v20190603,NA,NA,NA
CMIP6_INM_INM-CM4-8_ssp245_r1i1p1f1_Omon_gr1,NA,NA,v20190603,NA,NA
CMIP6_INM_INM-CM4-8_ssp245_r1i1p1f1_SImon_gr1,NA,NA,NA,NA,v20190603
CMIP6_INM_INM-CM4-8_ssp370_r1i1p1f1_Amon_gr1,v20190603,v20190603,NA,NA,NA
CMIP6_INM_INM-CM4-8_ssp370_r1i1p1f1_Omon_gr1,NA,NA,v20190603,NA,NA
CMIP6_INM_INM-CM4-8_ssp370_r1i1p1f1_SImon_gr1,NA,NA,NA,NA,v20190603
CMIP6_INM_INM-CM4-8_ssp585_r1i1p1f1_Amon_gr1,v20190603,v20190603,NA,NA,NA
CMIP6_INM_INM-CM4-8_ssp585_r1i1p1f1_Omon_gr1,NA,NA,v20190603,NA,NA
CMIP6_INM_INM-CM4-8_ssp585_r1i1p1f1_SImon_gr1,NA,NA,NA,NA,v20190603
CMIP6_INM_INM-CM5-0_historical_r1i1p1f1_Amon_gr1,v20190610,v20190610,NA,NA,NA
CMIP6_INM_INM-CM5-0_historical_r1i1p1f1_Omon_gr1,NA,NA,v20190610,NA,NA
CMIP6_INM_INM-CM5-0_historical_r1i1p1f1_SImon_gr1,NA,NA,NA,NA,v20190610
CMIP6_INM_INM-CM5-0_ssp126_r1i1p1f1_Amon_gr1,v20190619,v20190619,NA,NA,NA
CMIP6_INM_INM-CM5-0_ssp126_r1i1p1f1_Omon_gr1,NA,NA,v20190619,NA,NA
CMIP6_INM_INM-CM5-0_ssp126_r1i1p1f1_SImon_gr1,NA,NA,NA,NA,v20190619
CMIP6_INM_INM-CM5-0_ssp245_r1i1p1f1_Amon_gr1,v20190619,v20190619,NA,NA,NA
CMIP6_INM_INM-CM5-0_ssp245_r1i1p1f1_Omon_gr1,NA,NA,v20190619,NA,NA
CMIP6_INM_INM-CM5-0_ssp245_r1i1p1f1_SImon_gr1,NA,NA,NA,NA,v20190619
CMIP6_INM_INM-CM5-0_ssp370_r1i1p1f1_Amon_gr1,v20190618,v20190618,NA,NA,NA
CMIP6_INM_INM-CM5-0_ssp370_r1i1p1f1_Omon_gr1,NA,NA,v20190618,NA,NA
CMIP6_INM_INM-CM5-0_ssp370_r1i1p1f1_SImon_gr1,NA,NA,NA,NA,v20190618
CMIP6_INM_INM-CM5-0_ssp585_r1i1p1f1_Amon_gr1,v20190724,v20190724,NA,NA,NA
CMIP6_INM_INM-CM5-0_ssp585_r1i1p1f1_Omon_gr1,NA,NA,v20190724,NA,NA
CMIP6_INM_INM-CM5-0_ssp585_r1i1p1f1_SImon_gr1,NA,NA,NA,NA,v20190724
CMIP6_IPSL_IPSL-CM6A-LR_historical_r1i1p1f1_Amon_gr,v20180803,v20180803,NA,NA,NA
CMIP6_IPSL_IPSL-CM6A-LR_historical_r1i1p1f1_Omon_gn,NA,NA,v20180803,v20180803,NA
CMIP6_IPSL_IPSL-CM6A-LR_historical_r1i1p1f1_SImon_gn,NA,NA,NA,NA,v20180803
CMIP6_IPSL_IPSL-CM6A-LR_ssp126_r1i1p1f1_Amon_gr,v20190903,v20190903,NA,NA,NA
CMIP6_IPSL_IPSL-CM6A-LR_ssp126_r1i1p1f1_Omon_gn,NA,NA,v20190903,v20190903,NA
CMIP6_IPSL_IPSL-CM6A-LR_ssp126_r1i1p1f1_SImon_gn,NA,NA,NA,NA,v20190903
CMIP6_IPSL_IPSL-CM6A-LR_ssp245_r1i1p1f1_Amon_gr,v20190119,v20190119,NA,NA,NA
CMIP6_IPSL_IPSL-CM6A-LR_ssp245_r1i1p1f1_Omon_gn,NA,NA,v20190119,v20190119,NA
CMIP6_IPSL_IPSL-CM6A-LR_ssp245_r1i1p1f1_SImon_gn,NA,NA,NA,NA,v20190119
CMIP6_IPSL_IPSL-CM6A-LR_ssp370_r1i1p1f1_Amon_gr,v20190119,v20190119,NA,NA,NA
CMIP6_IPSL_IPSL-CM6A-LR_ssp370_r1i1p1f1_Omon_gn,NA,NA,v20190119,v20190119,NA
CMIP6_IPSL_IPSL-CM6A-LR_ssp370_r1i1p1f1_SImon_gn,NA,NA,NA,NA,v20190119
CMIP6_IPSL_IPSL-CM6A-LR_ssp460_r1i1p1f1_Amon_gr,v20190506,v20190506,NA,NA,NA
CMIP6_IPSL_IPSL-CM6A-LR_ssp585_r1i1p1f1_Amon_gr,v20190903,v20190903,NA,NA,NA
CMIP6_IPSL_IPSL-CM6A-LR_ssp585_r1i1p1f1_Omon_gn,NA,NA,v20190903,v20190903,NA
CMIP6_IPSL_IPSL-CM6A-LR_ssp585_r1i1p1f1_SImon_gn,NA,NA,NA,NA,v20190903
CMIP6_KIOST_KIOST-ESM_historical_r1i1p1f1_Amon_gr1,NA,v20191106,NA,NA,NA
CMIP6_KIOST_KIOST-ESM_historical_r1i1p1f1_Omon_gr1,NA,NA,v20200924,NA,NA
CMIP6_KIOST_KIOST-ESM_historical_r1i1p1f1_SImon_gr1,NA,NA,NA,NA,v20201211
CMIP6_KIOST_KIOST-ESM_ssp126_r1i1p1f1_Amon_gr1,NA,v20191106,NA,NA,NA
CMIP6_KIOST_KIOST-ESM_ssp126_r1i1p1f1_Omon_gr1,NA,NA,v20200924,NA,NA
CMIP6_KIOST_KIOST-ESM_ssp126_r1i1p1f1_SImon_gr1,NA,NA,NA,NA,v20201211
CMIP6_KIOST_KIOST-ESM_ssp245_r1i1p1f1_Amon_gr1,NA,v20191106,NA,NA,NA
CMIP6_KIOST_KIOST-ESM_ssp245_r1i1p1f1_Omon_gr1,NA,NA,v20200924,NA,NA
CMIP6_KIOST_KIOST-ESM_ssp245_r1i1p1f1_SImon_gr1,NA,NA,NA,NA,v20201211
CMIP6_KIOST_KIOST-ESM_ssp585_r1i1p1f1_Amon_gr1,NA,v20191106,NA,NA,NA
CMIP6_KIOST_KIOST-ESM_ssp585_r1i1p1f1_Omon_gr1,NA,NA,v20200924,NA,NA
CMIP6_KIOST_KIOST-ESM_ssp585_r1i1p1f1_SImon_gr1,NA,NA,NA,NA,v20201211
CMIP6_MIROC_MIROC-ES2L_historical_r1i1p1f2_Amon_gn,v20190823,v20190823,NA,NA,NA
CMIP6_MIROC_MIROC-ES2L_historical_r1i1p1f2_Omon_gr1,NA,NA,v20200731,v20200731,NA
CMIP6_MIROC_MIROC-ES2L_historical_r1i1p1f2_SImon_gr1,NA,NA,NA,NA,v20200731
CMIP6_MIROC_MIROC-ES2L_ssp126_r1i1p1f2_Amon_gn,v20190823,v20190823,NA,NA,NA
CMIP6_MIROC_MIROC-ES2L_ssp126_r1i1p1f2_Omon_gr1,NA,NA,v20200731,v20200731,NA
CMIP6_MIROC_MIROC-ES2L_ssp126_r1i1p1f2_SImon_gr1,NA,NA,NA,NA,v20200731
CMIP6_MIROC_MIROC-ES2L_ssp245_r1i1p1f2_Amon_gn,v20190823,v20190823,NA,NA,NA
CMIP6_MIROC_MIROC-ES2L_ssp245_r1i1p1f2_Omon_gr1,NA,NA,v20200731,v20200731,NA
CMIP6_MIROC_MIROC-ES2L_ssp245_r1i1p1f2_SImon_gr1,NA,NA,NA,NA,v20200731
CMIP6_MIROC_MIROC-ES2L_ssp370_r1i1p1f2_Amon_gn,v20190823,v20190823,NA,NA,NA
CMIP6_MIROC_MIROC-ES2L_ssp370_r1i1p1f2_Omon_gr1,NA,NA,v20200731,v20200731,NA
CMIP6_MIROC_MIROC-ES2L_ssp370_r1i1p1f2_SImon_gr1,NA,NA,NA,NA,v20200731
CMIP6_MIROC_MIROC-ES2L_ssp585_r1i1p1f2_Amon_gn,v20190823,v20190823,NA,NA,NA
CMIP6_MIROC_MIROC-ES2L_ssp585_r1i1p1f2_Omon_gr1,NA,NA,v20200731,v20200731,NA
CMIP6_MIROC_MIROC-ES2L_ssp585_r1i1p1f2_SImon_gr1,NA,NA,NA,NA,v20200731
CMIP6_MIROC_MIROC6_historical_r1i1p1f1_Amon_gn,v20190311,v20181212,NA,NA,NA
CMIP6_MIROC_MIROC6_historical_r1i1p1f1_Omon_gn,NA,NA,v20181212,NA,NA
CMIP6_MIROC_MIROC6_historical_r1i1p1f1_SImon_gn,NA,NA,NA,NA,v20181212
CMIP6_MIROC_MIROC6_ssp126_r1i1p1f1_Amon_gn,v20190627,v20190627,NA,NA,NA
CMIP6_MIROC_MIROC6_ssp126_r1i1p1f1_Omon_gn,NA,NA,v20190627,NA,NA
CMIP6_MIROC_MIROC6_ssp126_r1i1p1f1_SImon_gn,NA,NA,NA,NA,v20190627
CMIP6_MIROC_MIROC6_ssp245_r1i1p1f1_Amon_gn,v20190627,v20190627,NA,NA,NA
CMIP6_MIROC_MIROC6_ssp245_r1i1p1f1_Omon_gn,NA,NA,v20190627,NA,NA
CMIP6_MIROC_MIROC6_ssp245_r1i1p1f1_SImon_gn,NA,NA,NA,NA,v20190627
CMIP6_MIROC_MIROC6_ssp370_r1i1p1f1_Amon_gn,v20190627,v20190627,NA,NA,NA
CMIP6_MIROC_MIROC6_ssp370_r1i1p1f1_Omon_gn,NA,NA,v20190627,NA,NA
CMIP6_MIROC_MIROC6_ssp370_r1i1p1f1_SImon_gn,NA,NA,NA,NA,v20190627
CMIP6_MIROC_MIROC6_ssp460_r1i1p1f1_Amon_gn,v20190807,v20190807,NA,NA,NA
CMIP6_MIROC_MIROC6_ssp585_r1i1p1f1_Amon_gn,v20190627,v20190627,NA,NA,NA
CMIP6_MIROC_MIROC6_ssp585_r1i1p1f1_Omon_gn,NA,NA,v20190627,NA,NA
CMIP6_MIROC_MIROC6_ssp585_r1i1p1f1_SImon_gn,NA,NA,NA,NA,v20190627
CMIP6_MOHC_HadGEM3-GC31-LL_historical_r1i1p1f3_Amon_gn,v20190624,v20190624,NA,NA,NA
CMIP6_MOHC_HadGEM3-GC31-LL_historical_r1i1p1f3_Omon_gn,NA,NA,v20190624,NA,NA
CMIP6_MOHC_HadGEM3-GC31-LL_historical_r1i1p1f3_SImon_gn,NA,NA,NA,NA,v20200330
CMIP6_MOHC_HadGEM3-GC31-LL_ssp126_r1i1p1f3_Amon_gn,v20200114,v20200114,NA,NA,NA
CMIP6_MOHC_HadGEM3-GC31-LL_ssp126_r1i1p1f3_Omon_gn,NA,NA,v20200114,NA,NA
CMIP6_MOHC_HadGEM3-GC31-LL_ssp126_r1i1p1f3_SImon_gn,NA,NA,NA,NA,v20200310
CMIP6_MOHC_HadGEM3-GC31-LL_ssp245_r1i1p1f3_Amon_gn,v20190908,v20190908,NA,NA,NA
CMIP6_MOHC_HadGEM3-GC31-LL_ssp245_r1i1p1f3_Omon_gn,NA,NA,v20190908,NA,NA
CMIP6_MOHC_HadGEM3-GC31-LL_ssp245_r1i1p1f3_SImon_gn,NA,NA,NA,NA,v20200330
CMIP6_MOHC_HadGEM3-GC31-LL_ssp585_r1i1p1f3_Amon_gn,v20200114,v20200114,NA,NA,NA
CMIP6_MOHC_HadGEM3-GC31-LL_ssp585_r1i1p1f3_Omon_gn,NA,NA,v20200114,NA,NA
CMIP6_MOHC_HadGEM3-GC31-LL_ssp585_r1i1p1f3_SImon_gn,NA,NA,NA,NA,v20200310
CMIP6_MOHC_UKESM1-0-LL_historical_r1i1p1f2_Amon_gn,v20190406,v20190406,NA,NA,NA
CMIP6_MOHC_UKESM1-0-LL_historical_r1i1p1f2_Omon_gn,NA,NA,v20190627,v20190627,NA
CMIP6_MOHC_UKESM1-0-LL_historical_r1i1p1f2_SImon_gn,NA,NA,NA,NA,v20200309
CMIP6_MOHC_UKESM1-0-LL_ssp126_r1i1p1f2_Amon_gn,v20190503,v20190503,NA,NA,NA
CMIP6_MOHC_UKESM1-0-LL_ssp126_r1i1p1f2_Omon_gn,NA,NA,v20190708,v20190708,NA
CMIP6_MOHC_UKESM1-0-LL_ssp126_r1i1p1f2_SImon_gn,NA,NA,NA,NA,v20200729
CMIP6_MOHC_UKESM1-0-LL_ssp245_r1i1p1f2_Amon_gn,v20190507,v20190507,NA,NA,NA
CMIP6_MOHC_UKESM1-0-LL_ssp245_r1i1p1f2_Omon_gn,NA,NA,v20190507,v20190715,NA
CMIP6_MOHC_UKESM1-0-LL_ssp245_r1i1p1f2_SImon_gn,NA,NA,NA,NA,v20200415
CMIP6_MOHC_UKESM1-0-LL_ssp370_r1i1p1f2_Amon_gn,v20190510,v20190510,NA,NA,NA
CMIP6_MOHC_UKESM1-0-LL_ssp370_r1i1p1f2_Omon_gn,NA,NA,v20190510,v20190726,NA
CMIP6_MOHC_UKESM1-0-LL_ssp370_r1i1p1f2_SImon_gn,NA,NA,NA,NA,v20200319
CMIP6_MOHC_UKESM1-0-LL_ssp585_r1i1p1f2_Amon_gn,v20190507,v20190507,NA,NA,NA
CMIP6_MOHC_UKESM1-0-LL_ssp585_r1i1p1f2_Omon_gn,NA,NA,v20190726,v20190726,NA
CMIP6_MOHC_UKESM1-0-LL_ssp585_r1i1p1f2_SImon_gn,NA,NA,NA,NA,v20200415
CMIP6_MPI-M_MPI-ESM1-2-HR_historical_r1i1p1f1_Amon_gn,v20190710,v20190710,NA,NA,NA
CMIP6_MPI-M_MPI-ESM1-2-HR_historical_r1i1p1f1_Omon_gn,NA,NA,v20190710,v20190710,NA
CMIP6_MPI-M_MPI-ESM1-2-HR_historical_r1i1p1f1_SImon_gn,NA,NA,NA,NA,v20190710
CMIP6_MPI-M_MPI-ESM1-2-LR_historical_r1i1p1f1_Amon_gn,v20190710,v20190710,NA,NA,NA
CMIP6_MPI-M_MPI-ESM1-2-LR_historical_r1i1p1f1_Omon_gn,NA,NA,v20190710,v20190710,NA
CMIP6_MPI-M_MPI-ESM1-2-LR_historical_r1i1p1f1_SImon_gn,NA,NA,NA,NA,v20190710
CMIP6_MPI-M_MPI-ESM1-2-LR_ssp126_r1i1p1f1_Amon_gn,v20190710,v20190710,NA,NA,NA
CMIP6_MPI-M_MPI-ESM1-2-LR_ssp126_r1i1p1f1_Omon_gn,NA,NA,v20190710,v20190710,NA
CMIP6_MPI-M_MPI-ESM1-2-LR_ssp126_r1i1p1f1_SImon_gn,NA,NA,NA,NA,v20190710
CMIP6_MPI-M_MPI-ESM1-2-LR_ssp245_r1i1p1f1_Amon_gn,v20190710,v20190710,NA,NA,NA
CMIP6_MPI-M_MPI-ESM1-2-LR_ssp245_r1i1p1f1_Omon_gn,NA,NA,v20190710,v20190710,NA
CMIP6_MPI-M_MPI-ESM1-2-LR_ssp245_r1i1p1f1_SImon_gn,NA,NA,NA,NA,v20190710
CMIP6_MPI-M_MPI-ESM1-2-LR_ssp370_r1i1p1f1_Amon_gn,v20190710,v20190710,NA,NA,NA
CMIP6_MPI-M_MPI-ESM1-2-LR_ssp370_r1i1p1f1_Omon_gn,NA,NA,v20190710,v20190710,NA
CMIP6_MPI-M_MPI-ESM1-2-LR_ssp370_r1i1p1f1_SImon_gn,NA,NA,NA,NA,v20190710
CMIP6_MPI-M_MPI-ESM1-2-LR_ssp585_r1i1p1f1_Amon_gn,v20190710,v20190710,NA,NA,NA
CMIP6_MPI-M_MPI-ESM1-2-LR_ssp585_r1i1p1f1_Omon_gn,NA,NA,v20190710,v20190710,NA
CMIP6_MPI-M_MPI-ESM1-2-LR_ssp585_r1i1p1f1_SImon_gn,NA,NA,NA,NA,v20190710
CMIP6_MRI_MRI-ESM2-0_historical_r1i1p1f1_Amon_gn,v20190222,v20190222,NA,NA,NA
CMIP6_MRI_MRI-ESM2-0_historical_r1i1p1f1_Omon_gr,NA,NA,v20190904,NA,NA
CMIP6_MRI_MRI-ESM2-0_historical_r1i1p1f1_SImon_gn,NA,NA,NA,NA,v20190904
CMIP6_MRI_MRI-ESM2-0_ssp126_r1i1p1f1_Amon_gn,v20191108,v20191108,NA,NA,NA
CMIP6_MRI_MRI-ESM2-0_ssp126_r1i1p1f1_Omon_gr,NA,NA,v20191108,NA,NA
CMIP6_MRI_MRI-ESM2-0_ssp126_r1i1p1f1_SImon_gn,NA,NA,NA,NA,v20191108
CMIP6_MRI_MRI-ESM2-0_ssp245_r1i1p1f1_Amon_gn,v20190222,v20190222,NA,NA,NA
CMIP6_MRI_MRI-ESM2-0_ssp245_r1i1p1f1_Omon_gr,NA,NA,v20190904,NA,NA
CMIP6_MRI_MRI-ESM2-0_ssp245_r1i1p1f1_SImon_gn,NA,NA,NA,NA,v20190904
CMIP6_MRI_MRI-ESM2-0_ssp370_r1i1p1f1_Amon_gn,v20190222,v20190222,NA,NA,NA
CMIP6_MRI_MRI-ESM2-0_ssp370_r1i1p1f1_Omon_gr,NA,NA,v20190904,NA,NA
CMIP6_MRI_MRI-ESM2-0_ssp370_r1i1p1f1_SImon_gn,NA,NA,NA,NA,v20190904
CMIP6_MRI_MRI-ESM2-0_ssp460_r1i1p1f1_Amon_gn,v20190222,v20190222,NA,NA,NA
CMIP6_MRI_MRI-ESM2-0_ssp585_r1i1p1f1_Amon_gn,v20191108,v20191108,NA,NA,NA
CMIP6_MRI_MRI-ESM2-0_ssp585_r1i1p1f1_Omon_gr,NA,NA,v20191108,NA,NA
CMIP6_MRI_MRI-ESM2-0_ssp585_r1i1p1f1_SImon_gn,NA,NA,NA,NA,v20191108
CMIP6_NCAR_CESM2-WACCM_historical_r1i1p1f1_Amon_gn,NA,v20190227,NA,NA,NA
CMIP6_NCAR_CESM2-WACCM_historical_r1i1p1f1_Omon_gr,NA,NA,v20190808,v20190808,NA
CMIP6_NCAR_CESM2-WACCM_historical_r1i1p1f1_SImon_gn,NA,NA,NA,NA,v20190227
CMIP6_NCAR_CESM2-WACCM_ssp126_r1i1p1f1_Amon_gn,NA,v20190815,NA,NA,NA
CMIP6_NCAR_CESM2-WACCM_ssp126_r1i1p1f1_Omon_gr,NA,NA,v20190815,v20190815,NA
CMIP6_NCAR_CESM2-WACCM_ssp126_r1i1p1f1_SImon_gn,NA,NA,NA,NA,v20190815
CMIP6_NCAR_CESM2-WACCM_ssp245_r1i1p1f1_Amon_gn,NA,v20190815,NA,NA,NA
CMIP6_NCAR_CESM2-WACCM_ssp245_r1i1p1f1_Omon_gr,NA,NA,v20190815,v20190815,NA
CMIP6_NCAR_CESM2-WACCM_ssp245_r1i1p1f1_SImon_gn,NA,NA,NA,NA,v20190815
CMIP6_NCAR_CESM2-WACCM_ssp370_r1i1p1f1_Amon_gn,NA,v20190815,NA,NA,NA
CMIP6_NCAR_CESM2-WACCM_ssp370_r1i1p1f1_Omon_gr,NA,NA,v20190815,v20190815,NA
CMIP6_NCAR_CESM2-WACCM_ssp370_r1i1p1f1_SImon_gn,NA,NA,NA,NA,v20190815
CMIP6_NCAR_CESM2-WACCM_ssp585_r1i1p1f1_Amon_gn,v20200702,v20200702,NA,NA,NA
CMIP6_NCAR_CESM2-WACCM_ssp585_r1i1p1f1_Omon_gr,NA,NA,v20190815,v20190815,NA
CMIP6_NCAR_CESM2-WACCM_ssp585_r1i1p1f1_SImon_gn,NA,NA,NA,NA,v20200702
CMIP6_NCAR_CESM2_historical_r1i1p1f1_Amon_gn,v20200124,v20190308,NA,NA,NA
CMIP6_NCAR_CESM2_historical_r4i1p1f1_Omon_gr,NA,NA,v20190308,v20190308,NA
CMIP6_NCAR_CESM2_historical_r4i1p1f1_SImon_gn,NA,NA,NA,NA,v20190308
CMIP6_NCAR_CESM2_ssp126_r4i1p1f1_Amon_gn,v20200528,v20200528,NA,NA,NA
CMIP6_NCAR_CESM2_ssp126_r4i1p1f1_Omon_gn,NA,NA,v20200528,v20200528,NA
CMIP6_NCAR_CESM2_ssp126_r4i1p1f1_SImon_gn,NA,NA,NA,NA,v20200528
CMIP6_NCAR_CESM2_ssp245_r4i1p1f1_Amon_gn,v20200528,v20200528,NA,NA,NA
CMIP6_NCAR_CESM2_ssp245_r4i1p1f1_Omon_gn,NA,NA,v20200528,v20200528,NA
CMIP6_NCAR_CESM2_ssp245_r4i1p1f1_SImon_gn,NA,NA,NA,NA,v20200528
CMIP6_NCAR_CESM2_ssp370_r4i1p1f1_Amon_gn,v20200528,v20200528,NA,NA,NA
CMIP6_NCAR_CESM2_ssp370_r4i1p1f1_Omon_gn,NA,NA,v20200528,v20200528,NA
CMIP6_NCAR_CESM2_ssp370_r4i1p1f1_SImon_gn,NA,NA,NA,NA,v20200528
CMIP6_NCAR_CESM2_ssp585_r4i1p1f1_Amon_gn,v20200528,v20200528,NA,NA,NA
CMIP6_NCAR_CESM2_ssp585_r4i1p1f1_Omon_gn,NA,NA,v20200528,v20200528,NA
CMIP6_NCAR_CESM2_ssp585_r4i1p1f1_SImon_gn,NA,NA,NA,NA,v20200528
CMIP6_NCC_NorESM2-LM_historical_r1i1p1f1_Amon_gn,v20190815,v20191108,NA,NA,NA
CMIP6_NCC_NorESM2-LM_historical_r1i1p1f1_Omon_gr,NA,NA,NA,v20190815,NA
CMIP6_NCC_NorESM2-LM_historical_r1i1p1f1_SImon_gn,NA,NA,NA,NA,v20190815
CMIP6_NCC_NorESM2-LM_ssp126_r1i1p1f1_Amon_gn,v20191108,v20191108,NA,NA,NA
CMIP6_NCC_NorESM2-LM_ssp126_r1i1p1f1_Omon_gr,NA,NA,NA,v20191108,NA
CMIP6_NCC_NorESM2-LM_ssp126_r1i1p1f1_SImon_gn,NA,NA,NA,NA,v20191108
CMIP6_NCC_NorESM2-LM_ssp245_r1i1p1f1_Amon_gn,v20191108,v20191108,NA,NA,NA
CMIP6_NCC_NorESM2-LM_ssp245_r1i1p1f1_Omon_gr,NA,NA,NA,v20191108,NA
CMIP6_NCC_NorESM2-LM_ssp245_r1i1p1f1_SImon_gn,NA,NA,NA,NA,v20191108
CMIP6_NCC_NorESM2-LM_ssp370_r1i1p1f1_Amon_gn,v20191108,v20191108,NA,NA,NA
CMIP6_NCC_NorESM2-LM_ssp370_r1i1p1f1_Omon_gr,NA,NA,NA,v20191108,NA
CMIP6_NCC_NorESM2-LM_ssp370_r1i1p1f1_SImon_gn,NA,NA,NA,NA,v20191108
CMIP6_NCC_NorESM2-LM_ssp585_r1i1p1f1_Amon_gn,v20191108,v20191108,NA,NA,NA
CMIP6_NCC_NorESM2-LM_ssp585_r1i1p1f1_Omon_gr,NA,NA,NA,v20191108,NA
CMIP6_NCC_NorESM2-LM_ssp585_r1i1p1f1_SImon_gn,NA,NA,NA,NA,v20191108
CMIP6_NCC_NorESM2-MM_historical_r1i1p1f1_Amon_gn,v20191108,v20191108,NA,NA,NA
CMIP6_NCC_NorESM2-MM_historical_r1i1p1f1_Omon_gr,NA,NA,NA,v20191108,NA
CMIP6_NCC_NorESM2-MM_historical_r1i1p1f1_SImon_gn,NA,NA,NA,NA,v20191108
CMIP6_NCC_NorESM2-MM_ssp126_r1i1p1f1_Amon_gn,v20191108,v20191108,NA,NA,NA
CMIP6_NCC_NorESM2-MM_ssp126_r1i1p1f1_Omon_gr,NA,NA,NA,v20191108,NA
CMIP6_NCC_NorESM2-MM_ssp126_r1i1p1f1_SImon_gn,NA,NA,NA,NA,v20191108
CMIP6_NCC_NorESM2-MM_ssp245_r1i1p1f1_Amon_gn,v20191108,v20191108,NA,NA,NA
CMIP6_NCC_NorESM2-MM_ssp245_r1i1p1f1_Omon_gr,NA,NA,NA,v20191108,NA
CMIP6_NCC_NorESM2-MM_ssp245_r1i1p1f1_SImon_gn,NA,NA,NA,NA,v20191108
CMIP6_NCC_NorESM2-MM_ssp370_r1i1p1f1_Amon_gn,v20191108,v20191108,NA,NA,NA
CMIP6_NCC_NorESM2-MM_ssp370_r1i1p1f1_Omon_gr,NA,NA,NA,v20191108,NA
CMIP6_NCC_NorESM2-MM_ssp370_r1i1p1f1_SImon_gn,NA,NA,NA,NA,v20191108
CMIP6_NCC_NorESM2-MM_ssp585_r1i1p1f1_Amon_gn,v20191108,v20191108,NA,NA,NA
CMIP6_NCC_NorESM2-MM_ssp585_r1i1p1f1_Omon_gr,NA,NA,NA,v20191108,NA
CMIP6_NCC_NorESM2-MM_ssp585_r1i1p1f1_SImon_gn,NA,NA,NA,NA,v20191108
CMIP6_NIMS-KMA_KACE-1-0-G_historical_r2i1p1f1_Amon_gr,v20190920,v20190920,NA,NA,NA
CMIP6_NIMS-KMA_KACE-1-0-G_historical_r2i1p1f1_Omon_gr,NA,NA,v20200130,NA,NA
CMIP6_NIMS-KMA_KACE-1-0-G_ssp126_r2i1p1f1_Amon_gr,v20191007,v20191007,NA,NA,NA
CMIP6_NIMS-KMA_KACE-1-0-G_ssp126_r2i1p1f1_Omon_gr,NA,NA,v20200130,NA,NA
CMIP6_NIMS-KMA_KACE-1-0-G_ssp245_r2i1p1f1_Amon_gr,v20191125,v20191125,NA,NA,NA
CMIP6_NIMS-KMA_KACE-1-0-G_ssp245_r2i1p1f1_Omon_gr,NA,NA,v20200130,NA,NA
CMIP6_NIMS-KMA_KACE-1-0-G_ssp370_r2i1p1f1_Amon_gr,v20191128,v20191128,NA,NA,NA
CMIP6_NIMS-KMA_KACE-1-0-G_ssp370_r2i1p1f1_Omon_gr,NA,NA,v20200130,NA,NA
CMIP6_NIMS-KMA_KACE-1-0-G_ssp585_r2i1p1f1_Amon_gr,v20191007,v20191007,NA,NA,NA
CMIP6_NIMS-KMA_KACE-1-0-G_ssp585_r2i1p1f1_Omon_gr,NA,NA,v20200130,NA,NA
CMIP6_NOAA-GFDL_GFDL-CM4_historical_r1i1p1f1_Amon_gr1,v20180701,v20180701,NA,NA,NA
CMIP6_NOAA-GFDL_GFDL-CM4_historical_r1i1p1f1_Omon_gr,NA,NA,v20180701,v20180701,NA
CMIP6_NOAA-GFDL_GFDL-CM4_historical_r1i1p1f1_SImon_gr,NA,NA,NA,NA,v20180701
CMIP6_NOAA-GFDL_GFDL-CM4_ssp245_r1i1p1f1_Amon_gr1,v20180701,v20180701,NA,NA,NA
CMIP6_NOAA-GFDL_GFDL-CM4_ssp245_r1i1p1f1_Omon_gr,NA,NA,v20180701,v20180701,NA
CMIP6_NOAA-GFDL_GFDL-CM4_ssp245_r1i1p1f1_SImon_gr,NA,NA,NA,NA,v20180701
CMIP6_NOAA-GFDL_GFDL-CM4_ssp585_r1i1p1f1_Amon_gr1,v20180701,v20180701,NA,NA,NA
CMIP6_NOAA-GFDL_GFDL-CM4_ssp585_r1i1p1f1_Omon_gr,NA,NA,v20180701,v20180701,NA
CMIP6_NOAA-GFDL_GFDL-CM4_ssp585_r1i1p1f1_SImon_gr,NA,NA,NA,NA,v20180701
CMIP6_NOAA-GFDL_GFDL-ESM4_historical_r1i1p1f1_Amon_gr1,v20190726,v20190726,NA,NA,NA
CMIP6_NOAA-GFDL_GFDL-ESM4_historical_r1i1p1f1_Omon_gr,NA,NA,v20190726,v20190726,NA
CMIP6_NOAA-GFDL_GFDL-ESM4_historical_r1i1p1f1_SImon_gr,NA,NA,NA,NA,v20190726
CMIP6_NOAA-GFDL_GFDL-ESM4_ssp126_r1i1p1f1_Amon_gr1,v20180701,v20180701,NA,NA,NA
CMIP6_NOAA-GFDL_GFDL-ESM4_ssp126_r1i1p1f1_Omon_gr,NA,NA,v20180701,v20180701,NA
CMIP6_NOAA-GFDL_GFDL-ESM4_ssp126_r1i1p1f1_SImon_gr,NA,NA,NA,NA,v20180701
CMIP6_NOAA-GFDL_GFDL-ESM4_ssp245_r1i1p1f1_Amon_gr1,v20180701,v20180701,NA,NA,NA
CMIP6_NOAA-GFDL_GFDL-ESM4_ssp245_r1i1p1f1_Omon_gr,NA,NA,v20180701,v20180701,NA
CMIP6_NOAA-GFDL_GFDL-ESM4_ssp245_r1i1p1f1_SImon_gr,NA,NA,NA,NA,v20180701
CMIP6_NOAA-GFDL_GFDL-ESM4_ssp370_r1i1p1f1_Amon_gr1,v20180701,v20180701,NA,NA,NA
CMIP6_NOAA-GFDL_GFDL-ESM4_ssp370_r1i1p1f1_Omon_gr,NA,NA,v20180701,v20180701,NA
CMIP6_NOAA-GFDL_GFDL-ESM4_ssp370_r1i1p1f1_SImon_gr,NA,NA,NA,NA,v20180701
CMIP6_NOAA-GFDL_GFDL-ESM4_ssp585_r1i1p1f1_Amon_gr1,v20180701,v20180701,NA,NA,NA
CMIP6_NOAA-GFDL_GFDL-ESM4_ssp585_r1i1p1f1_Omon_gr,NA,NA,v20180701,v20180701,NA
CMIP6_NOAA-GFDL_GFDL-ESM4_ssp585_r1i1p1f1_SImon_gr,NA,NA,NA,NA,v20180701
CMIP6_NUIST_NESM3_historical_r1i1p1f1_Amon_gn,v20190630,NA,NA,NA,NA
CMIP6_NUIST_NESM3_historical_r1i1p1f1_Omon_gn,NA,NA,v20190703,NA,NA
CMIP6_NUIST_NESM3_historical_r1i1p1f1_SImon_gn,NA,NA,NA,NA,v20190704
CMIP6_NUIST_NESM3_ssp126_r1i1p1f1_Amon_gn,v20190731,v20190731,NA,NA,NA
CMIP6_NUIST_NESM3_ssp126_r1i1p1f1_Omon_gn,NA,NA,v20190731,NA,NA
CMIP6_NUIST_NESM3_ssp126_r1i1p1f1_SImon_gn,NA,NA,NA,NA,v20190730
CMIP6_NUIST_NESM3_ssp245_r1i1p1f1_Amon_gn,v20190731,v20190731,NA,NA,NA
CMIP6_NUIST_NESM3_ssp245_r1i1p1f1_Omon_gn,NA,NA,v20190731,NA,NA
CMIP6_NUIST_NESM3_ssp245_r1i1p1f1_SImon_gn,NA,NA,NA,NA,v20190804
CMIP6_NUIST_NESM3_ssp585_r1i1p1f1_Amon_gn,v20190728,v20190728,NA,NA,NA
CMIP6_NUIST_NESM3_ssp585_r1i1p1f1_Omon_gn,NA,NA,v20190731,NA,NA
CMIP6_NUIST_NESM3_ssp585_r1i1p1f1_SImon_gn,NA,NA,NA,NA,v20190803
